SampleID,Category
1,3
2,0
3,1
4,4
5,3
6,0
7,3
8,4
9,4
10,2
11,3
12,1
13,4
14,2
15,1
16,3
17,4
18,4
19,4
20,4
21,0
22,0
23,1
24,3
25,3
26,0
27,4
28,3
29,3
30,3
31,1
32,1
33,0
34,2
35,3
36,1
37,3
38,4
39,1
40,3
41,2
42,3
43,3
44,2
45,0
46,3
47,3
48,1
49,2
50,3
51,3
52,4
53,0
54,3
55,1
56,2
57,2
58,3
59,1
60,1
61,0
62,0
63,3
64,0
65,0
66,2
67,0
68,4
69,0
70,3
71,4
72,2
73,1
74,1
75,3
76,3
77,3
78,1
79,2
80,0
81,4
82,0
83,3
84,0
85,3
86,3
87,0
88,3
89,0
90,1
91,4
92,4
93,0
94,3
95,3
96,4
97,1
98,4
99,4
100,1
101,1
102,1
103,4
104,1
105,1
106,2
107,4
108,4
109,1
110,4
111,2
112,3
113,3
114,1
115,4
116,3
117,2
118,3
119,3
120,4
121,3
122,2
123,4
124,0
125,1
126,0
127,2
128,4
129,1
130,1
131,3
132,2
133,3
134,3
135,2
136,4
137,3
138,4
139,4
140,4
141,1
142,4
143,2
144,1
145,3
146,3
147,4
148,2
149,3
150,0
151,4
152,3
153,2
154,2
155,3
156,2
157,0
158,3
159,1
160,1
161,0
162,1
163,0
164,4
165,0
166,0
167,3
168,1
169,0
170,0
171,4
172,3
173,0
174,3
175,2
176,0
177,0
178,2
179,4
180,2
181,0
182,4
183,3
184,4
185,1
186,4
187,2
188,4
189,0
190,4
191,0
192,1
193,1
194,1
195,1
196,3
197,2
198,4
199,3
200,0
201,2
202,0
203,3
204,4
205,3
206,1
207,3
208,4
209,1
210,3
211,0
212,3
213,2
214,4
215,3
216,1
217,0
218,1
219,3
220,2
221,1
222,0
223,4
224,1
225,4
226,4
227,1
228,0
229,3
230,4
231,3
232,0
233,3
234,4
235,2
236,1
237,4
238,3
239,3
240,4
241,3
242,4
243,2
244,3
245,2
246,2
247,0
248,3
249,4
250,1
251,1
252,3
253,2
254,3
255,1
256,3
257,4
258,4
259,3
260,4
261,4
262,4
263,3
264,2
265,1
266,4
267,1
268,1
269,4
270,3
271,1
272,4
273,1
274,1
275,3
276,1
277,3
278,4
279,3
280,1
281,4
282,3
283,3
284,3
285,3
286,3
287,1
288,0
289,0
290,3
291,1
292,1
293,2
294,4
295,3
296,4
297,1
298,0
299,1
300,1
301,3
302,4
303,4
304,0
305,0
306,1
307,2
308,4
309,2
310,2
311,0
312,1
313,1
314,3
315,4
316,3
317,3
318,0
319,2
320,2
321,3
322,2
323,1
324,2
325,3
326,4
327,3
328,1
329,1
330,3
331,1
332,4
333,1
334,1
335,2
336,1
337,1
338,0
339,1
340,4
341,3
342,3
343,4
344,4
345,1
346,3
347,3
348,1
349,0
350,1
351,1
352,0
353,2
354,0
355,2
356,3
357,1
358,4
359,3
360,2
361,4
362,4
363,3
364,4
365,3
366,2
367,4
368,4
369,2
370,1
371,3
372,4
373,4
374,4
375,1
376,2
377,3
378,1
379,3
380,1
381,2
382,3
383,0
384,1
385,2
386,2
387,0
388,3
389,3
390,4
391,4
392,3
393,0
394,3
395,2
396,0
397,3
398,2
399,2
400,0
401,2
402,4
403,3
404,4
405,0
406,3
407,3
408,2
409,1
410,3
411,1
412,0
413,3
414,3
415,3
416,2
417,3
418,4
419,4
420,1
421,3
422,2
423,0
424,4
425,4
426,4
427,0
428,0
429,1
430,1
431,0
432,2
433,2
434,1
435,4
436,1
437,1
438,3
439,4
440,4
441,4
442,3
443,4
444,2
445,1
446,4
447,4
448,3
449,2
450,4
451,3
452,2
453,4
454,0
455,2
456,4
457,1
458,2
459,3
460,3
461,1
462,1
463,2
464,4
465,3
466,2
467,0
468,1
469,3
470,2
471,3
472,1
473,2
474,4
475,3
476,4
477,3
478,3
479,3
480,3
481,4
482,3
483,2
484,4
485,4
486,3
487,3
488,4
489,2
490,3
491,3
492,1
493,2
494,2
495,4
496,3
497,2
498,1
499,3
500,1
501,1
502,3
503,1
504,3
505,4
506,1
507,2
508,1
509,2
510,3
511,2
512,3
513,3
514,3
515,0
516,3
517,0
518,2
519,1
520,3
521,4
522,0
523,1
524,1
525,3
526,4
527,2
528,0
529,2
530,1
531,1
532,2
533,3
534,1
535,1
536,2
537,4
538,0
539,3
540,1
541,2
542,4
543,1
544,0
545,2
546,3
547,3
548,3
549,2
550,3
551,4
552,0
553,2
554,1
555,3
556,3
557,4
558,2
559,2
560,4
561,3
562,0
563,4
564,3
565,3
566,1
567,4
568,3
569,1
570,0
571,0
572,2
573,2
574,3
575,2
576,0
577,4
578,0
579,0
580,4
581,1
582,0
583,1
584,3
585,2
586,0
587,0
588,1
589,1
590,1
591,4
592,1
593,4
594,2
595,3
596,3
597,4
598,2
599,1
600,2
601,2
602,1
603,2
604,4
605,2
606,0
607,4
608,1
609,4
610,1
611,4
612,4
613,2
614,4
615,2
616,0
617,2
618,1
619,3
620,2
621,4
622,3
623,4
624,4
625,1
626,2
627,1
628,1
629,0
630,4
631,4
632,4
633,0
634,1
635,3
636,0
637,2
638,2
639,2
640,3
641,3
642,1
643,3
644,1
645,1
646,3
647,3
648,1
649,3
650,0
651,4
652,2
653,2
654,0
655,2
656,2
657,2
658,4
659,3
660,0
661,3
662,4
663,1
664,0
665,2
666,2
667,0
668,3
669,2
670,2
671,2
672,0
673,4
674,2
675,4
676,4
677,1
678,2
679,1
680,2
681,3
682,2
683,1
684,2
685,1
686,0
687,0
688,1
689,2
690,0
691,3
692,3
693,0
694,3
695,3
696,2
697,3
698,3
699,4
700,4
701,4
702,2
703,4
704,2
705,2
706,0
707,0
708,3
709,2
710,1
711,3
712,4
713,2
714,3
715,1
716,2
717,2
718,4
719,2
720,3
721,3
722,3
723,4
724,3
725,3
726,1
727,3
728,1
729,2
730,0
731,4
732,0
733,1
734,0
735,3
736,1
737,4
738,0
739,1
740,4
741,4
742,1
743,2
744,0
745,4
746,1
747,3
748,3
749,0
750,0
751,0
752,1
753,3
754,2
755,0
756,1
757,1
758,0
759,4
760,1
761,4
762,3
763,3
764,0
765,3
766,4
767,4
768,1
769,4
770,0
771,3
772,4
773,4
774,0
775,2
776,0
777,2
778,1
779,3
780,0
781,3
782,1
783,0
784,3
785,3
786,1
787,3
788,0
789,4
790,2
791,2
792,3
793,2
794,2
795,3
796,0
797,4
798,0
799,4
800,3
801,1
802,2
803,0
804,4
805,1
806,3
807,4
808,0
809,3
810,4
811,1
812,3
813,1
814,0
815,3
816,1
817,1
818,3
819,3
820,2
821,4
822,1
823,1
824,2
825,4
826,1
827,3
828,3
829,0
830,2
831,1
832,2
833,1
834,4
835,0
836,3
837,4
838,1
839,2
840,1
841,3
842,4
843,0
844,2
845,1
846,2
847,4
848,4
849,1
850,2
851,4
852,1
853,3
854,3
855,3
856,3
857,1
858,2
859,2
860,0
861,2
862,3
863,0
864,1
865,4
866,0
867,1
868,2
869,2
870,2
871,4
872,4
873,1
874,0
875,3
876,2
877,2
878,4
879,3
880,1
881,1
882,0
883,4
884,4
885,4
886,0
887,1
888,1
889,0
890,1
891,3
892,2
893,2
894,4
895,3
896,2
897,3
898,4
899,3
900,4
901,3
902,1
903,2
904,2
905,2
906,3
907,2
908,4
909,1
910,3
911,0
912,4
913,4
914,1
915,4
916,3
917,3
918,4
919,1
920,3
921,2
922,0
923,1
924,3
925,4
926,2
927,4
928,4
929,4
930,1
931,3
932,1
933,4
934,1
935,4
936,3
937,3
938,0
939,3
940,2
941,3
942,1
943,3
944,4
945,2
946,0
947,2
948,4
949,0
950,2
951,2
952,1
953,2
954,2
955,1
956,1
957,4
958,0
959,1
960,1
961,1
962,1
963,0
964,4
965,1
966,4
967,0
968,0
969,1
970,0
971,0
972,4
973,0
974,4
975,1
976,3
977,1
978,3
979,3
980,1
981,1
982,4
983,4
984,3
985,1
986,0
987,1
988,2
989,3
990,2
991,2
992,0
993,4
994,4
995,3
996,1
997,0
998,1
999,0
1000,2
1001,2
1002,1
1003,0
1004,1
1005,3
1006,2
1007,1
1008,3
1009,0
1010,0
1011,3
1012,1
1013,0
1014,3
1015,4
1016,0
1017,4
1018,2
1019,1
1020,2
1021,0
1022,2
1023,0
1024,3
1025,2
1026,0
1027,0
1028,0
1029,3
1030,0
1031,3
1032,4
1033,4
1034,4
1035,1
1036,2
1037,2
1038,4
1039,1
1040,3
1041,0
1042,0
1043,3
1044,2
1045,1
1046,1
1047,1
1048,4
1049,0
1050,0
1051,4
1052,4
1053,3
1054,3
1055,2
1056,0
1057,3
1058,1
1059,2
1060,4
1061,2
1062,4
1063,3
1064,3
1065,1
1066,4
1067,0
1068,1
1069,1
1070,2
1071,4
1072,2
1073,4
1074,4
1075,2
1076,4
1077,4
1078,1
1079,4
1080,3
1081,0
1082,4
1083,1
1084,2
1085,2
1086,1
1087,1
1088,1
1089,0
1090,1
1091,2
1092,3
1093,0
1094,4
1095,3
1096,1
1097,2
1098,0
1099,3
1100,4
1101,3
1102,4
1103,1
1104,0
1105,3
1106,1
1107,2
1108,1
1109,0
1110,4
1111,2
1112,2
1113,2
1114,0
1115,2
1116,3
1117,2
1118,2
1119,1
1120,1
1121,2
1122,1
1123,1
1124,3
1125,3
1126,3
1127,3
1128,3
1129,4
1130,1
1131,1
1132,3
1133,3
1134,4
1135,1
1136,4
1137,1
1138,3
1139,3
1140,2
1141,0
1142,4
1143,1
1144,1
1145,0
1146,4
1147,3
1148,0
1149,2
1150,3
1151,3
1152,1
1153,3
1154,3
1155,1
1156,3
1157,1
1158,2
1159,0
1160,2
1161,4
1162,4
1163,1
1164,3
1165,4
1166,3
1167,3
1168,2
1169,3
1170,3
1171,2
1172,3
1173,4
1174,0
1175,0
1176,1
1177,0
1178,0
1179,4
1180,1
1181,2
1182,3
1183,2
1184,4
1185,3
1186,3
1187,3
1188,0
1189,0
1190,3
1191,2
1192,3
1193,4
1194,1
1195,3
1196,3
1197,3
1198,3
1199,4
1200,2
1201,3
1202,4
1203,1
1204,1
1205,4
1206,1
1207,0
1208,0
1209,1
1210,4
1211,3
1212,3
1213,0
1214,3
1215,1
1216,3
1217,1
1218,3
1219,1
1220,3
1221,1
1222,2
1223,1
1224,2
1225,4
1226,1
1227,3
1228,3
1229,4
1230,0
1231,1
1232,3
1233,0
1234,3
1235,1
1236,2
1237,4
1238,3
1239,1
1240,3
1241,4
1242,2
1243,3
1244,2
1245,1
1246,4
1247,3
1248,1
1249,1
1250,1
1251,2
1252,4
1253,1
1254,3
1255,0
1256,0
1257,2
1258,3
1259,2
1260,0
1261,2
1262,0
1263,4
1264,1
1265,1
1266,0
1267,2
1268,1
1269,2
1270,1
1271,3
1272,0
1273,3
1274,3
1275,3
1276,4
1277,0
1278,1
1279,3
1280,2
1281,1
1282,0
1283,1
1284,4
1285,3
1286,1
1287,3
1288,3
1289,3
1290,3
1291,4
1292,2
1293,4
1294,0
1295,1
1296,0
1297,3
1298,0
1299,4
1300,1
1301,1
1302,1
1303,2
1304,1
1305,1
1306,0
1307,4
1308,3
1309,0
1310,1
1311,4
1312,2
1313,4
1314,3
1315,3
1316,1
1317,0
1318,3
1319,1
1320,1
1321,2
1322,3
1323,4
1324,4
1325,3
1326,4
1327,2
1328,4
1329,4
1330,0
1331,3
1332,2
1333,3
1334,1
1335,2
1336,4
1337,1
1338,1
1339,1
1340,4
1341,3
1342,3
1343,1
1344,2
1345,3
1346,3
1347,3
1348,3
1349,2
1350,1
1351,4
1352,3
1353,2
1354,4
1355,4
1356,3
1357,1
1358,4
1359,4
1360,1
1361,4
1362,3
1363,1
1364,1
1365,1
1366,3
1367,2
1368,1
1369,0
1370,4
1371,1
1372,2
1373,4
1374,2
1375,3
1376,3
1377,0
1378,2
1379,1
1380,3
1381,3
1382,3
1383,3
1384,4
1385,0
1386,4
1387,0
1388,1
1389,4
1390,3
1391,1
1392,3
1393,4
1394,1
1395,2
1396,2
1397,1
1398,1
1399,0
1400,3
1401,1
1402,2
1403,2
1404,1
1405,0
1406,2
1407,0
1408,1
1409,1
1410,1
1411,2
1412,0
1413,0
1414,1
1415,4
1416,0
1417,4
1418,3
1419,0
1420,4
1421,4
1422,1
1423,3
1424,1
1425,1
1426,4
1427,1
1428,2
1429,2
1430,0
1431,0
1432,4
1433,1
1434,4
1435,2
1436,0
1437,0
1438,1
1439,2
1440,1
1441,1
1442,4
1443,1
1444,1
1445,1
1446,4
1447,2
1448,2
1449,0
1450,4
1451,1
1452,1
1453,4
1454,1
1455,3
1456,1
1457,2
1458,4
1459,2
1460,4
1461,1
1462,1
1463,1
1464,0
1465,2
1466,2
1467,1
1468,3
1469,2
1470,1
1471,2
1472,1
1473,1
1474,2
1475,0
1476,4
1477,1
1478,1
1479,1
1480,3
1481,2
1482,3
1483,3
1484,1
1485,0
1486,1
1487,0
1488,2
1489,1
1490,1
1491,2
1492,0
1493,1
1494,4
1495,2
1496,0
1497,2
1498,3
1499,4
1500,1
1501,2
1502,1
1503,4
1504,3
1505,2
1506,2
1507,2
1508,1
1509,0
1510,1
1511,4
1512,0
1513,1
1514,4
1515,3
1516,0
1517,0
1518,2
1519,3
1520,3
1521,2
1522,4
1523,3
1524,2
1525,1
1526,0
1527,0
1528,0
1529,3
1530,4
1531,3
1532,1
1533,4
1534,2
1535,2
1536,4
1537,2
1538,0
1539,1
1540,0
1541,1
1542,0
1543,4
1544,3
1545,2
1546,4
1547,0
1548,3
1549,1
1550,3
1551,1
1552,1
1553,0
1554,3
1555,3
1556,0
1557,3
1558,1
1559,0
1560,3
1561,0
1562,3
1563,1
1564,3
1565,0
1566,3
1567,4
1568,1
1569,1
1570,0
1571,1
1572,2
1573,3
1574,1
1575,1
1576,1
1577,3
1578,0
1579,3
1580,2
1581,3
1582,2
1583,2
1584,1
1585,2
1586,2
1587,2
1588,4
1589,1
1590,0
1591,1
1592,3
1593,3
1594,2
1595,0
1596,1
1597,4
1598,0
1599,1
1600,0
1601,3
1602,3
1603,0
1604,3
1605,1
1606,1
1607,0
1608,0
1609,3
1610,3
1611,1
1612,3
1613,3
1614,3
1615,1
1616,2
1617,3
1618,1
1619,0
1620,3
1621,4
1622,1
1623,4
1624,3
1625,0
1626,0
1627,3
1628,0
1629,2
1630,1
1631,1
1632,4
1633,1
1634,2
1635,3
1636,0
1637,3
1638,1
1639,3
1640,3
1641,2
1642,1
1643,3
1644,3
1645,0
1646,3
1647,0
1648,0
1649,1
1650,3
1651,3
1652,1
1653,4
1654,3
1655,0
1656,0
1657,2
1658,4
1659,3
1660,3
1661,3
1662,1
1663,2
1664,4
1665,0
1666,4
1667,3
1668,4
1669,3
1670,1
1671,4
1672,2
1673,2
1674,3
1675,0
1676,3
1677,4
1678,3
1679,3
1680,1
1681,3
1682,4
1683,3
1684,0
1685,4
1686,1
1687,4
1688,4
1689,0
1690,4
1691,4
1692,3
1693,1
1694,4
1695,3
1696,1
1697,1
1698,0
1699,3
1700,1
1701,3
1702,2
1703,4
1704,3
1705,3
1706,2
1707,2
1708,2
1709,3
1710,1
1711,0
1712,2
1713,3
1714,2
1715,1
1716,4
1717,4
1718,3
1719,1
1720,0
1721,1
1722,4
1723,3
1724,4
1725,3
1726,2
1727,1
1728,1
1729,1
1730,3
1731,1
1732,4
1733,4
1734,3
1735,0
1736,2
1737,1
1738,0
1739,2
1740,2
1741,1
1742,3
1743,3
1744,1
1745,1
1746,1
1747,3
1748,4
1749,2
1750,3
1751,1
1752,4
1753,3
1754,3
1755,2
1756,2
1757,3
1758,4
1759,0
1760,2
1761,2
1762,0
1763,2
1764,1
1765,1
1766,1
1767,4
1768,3
1769,0
1770,1
1771,2
1772,3
1773,2
1774,2
1775,4
1776,4
1777,4
1778,3
1779,1
1780,4
1781,4
1782,1
1783,1
1784,1
1785,3
1786,0
1787,1
1788,4
1789,1
1790,4
1791,0
1792,2
1793,0
1794,1
1795,1
1796,4
1797,2
1798,3
1799,4
1800,3
1801,3
1802,2
1803,3
1804,3
1805,1
1806,1
1807,0
1808,0
1809,1
1810,1
1811,4
1812,0
1813,3
1814,1
1815,1
1816,3
1817,2
1818,1
1819,4
1820,4
1821,2
1822,4
1823,2
1824,1
1825,1
1826,4
1827,2
1828,2
1829,3
1830,1
1831,1
1832,0
1833,1
1834,1
1835,3
1836,1
1837,3
1838,1
1839,4
1840,1
1841,2
1842,1
1843,2
1844,1
1845,2
1846,4
1847,3
1848,3
1849,3
1850,3
1851,4
1852,4
1853,4
1854,1
1855,1
1856,0
1857,4
1858,3
1859,0
1860,3
1861,0
1862,4
1863,3
1864,3
1865,1
1866,0
1867,0
1868,0
1869,4
1870,4
1871,2
1872,1
1873,4
1874,3
1875,3
1876,1
1877,3
1878,1
1879,2
1880,4
1881,4
1882,3
1883,2
1884,2
1885,2
1886,4
1887,4
1888,1
1889,1
1890,1
1891,1
1892,1
1893,1
1894,1
1895,4
1896,2
1897,0
1898,4
1899,2
1900,3
1901,4
1902,3
1903,0
1904,2
1905,1
1906,3
1907,2
1908,1
1909,0
1910,2
1911,3
1912,2
1913,2
1914,1
1915,3
1916,3
1917,3
1918,0
1919,2
1920,3
1921,2
1922,3
1923,1
1924,2
1925,3
1926,4
1927,1
1928,2
1929,1
1930,2
1931,1
1932,3
1933,3
1934,4
1935,4
1936,1
1937,4
1938,3
1939,4
1940,3
1941,3
1942,2
1943,0
1944,2
1945,1
1946,3
1947,4
1948,1
1949,2
1950,1
1951,1
1952,4
1953,3
1954,3
1955,2
1956,3
1957,1
1958,3
1959,2
1960,4
1961,3
1962,0
1963,4
1964,0
1965,1
1966,3
1967,2
1968,2
1969,4
1970,3
1971,3
1972,3
1973,4
1974,4
1975,4
1976,2
1977,3
1978,1
1979,1
1980,1
1981,2
1982,1
1983,2
1984,4
1985,2
1986,3
1987,3
1988,2
1989,3
1990,3
1991,0
1992,1
1993,0
1994,2
1995,3
1996,0
1997,4
1998,1
1999,3
2000,0
2001,2
2002,3
2003,3
2004,2
2005,3
2006,2
2007,2
2008,0
2009,0
2010,1
2011,1
2012,4
2013,4
2014,0
2015,2
2016,1
2017,4
2018,3
2019,3
2020,2
2021,4
2022,3
2023,4
2024,0
2025,2
2026,0
2027,4
2028,0
2029,4
2030,2
2031,1
2032,1
2033,2
2034,1
2035,2
2036,1
2037,2
2038,4
2039,0
2040,0
2041,3
2042,4
2043,3
2044,4
2045,1
2046,4
2047,0
2048,3
2049,1
2050,4
2051,3
2052,1
2053,1
2054,3
2055,3
2056,2
2057,0
2058,3
2059,1
2060,0
2061,1
2062,3
2063,4
2064,1
2065,4
2066,3
2067,4
2068,3
2069,4
2070,4
2071,2
2072,1
2073,1
2074,1
2075,2
2076,1
2077,1
2078,2
2079,0
2080,1
2081,1
2082,3
2083,2
2084,4
2085,1
2086,1
2087,1
2088,1
2089,1
2090,0
2091,2
2092,4
2093,1
2094,2
2095,3
2096,3
2097,2
2098,0
2099,3
2100,4
2101,2
2102,4
2103,3
2104,1
2105,2
2106,3
2107,2
2108,3
2109,0
2110,3
2111,0
2112,4
2113,4
2114,0
2115,0
2116,4
2117,2
2118,4
2119,3
2120,2
2121,2
2122,0
2123,4
2124,0
2125,2
2126,0
2127,2
2128,0
2129,0
2130,3
2131,4
2132,2
2133,3
2134,4
2135,1
2136,2
2137,4
2138,2
2139,0
2140,4
2141,1
2142,1
2143,3
2144,1
2145,0
2146,4
2147,3
2148,4
2149,1
2150,1
2151,1
2152,4
2153,2
2154,1
2155,0
2156,1
2157,2
2158,2
2159,4
2160,4
2161,1
2162,1
2163,3
2164,2
2165,4
2166,4
2167,1
2168,3
2169,0
2170,0
2171,4
2172,1
2173,3
2174,3
2175,4
2176,1
2177,0
2178,3
2179,1
2180,1
2181,3
2182,1
2183,2
2184,4
2185,2
2186,1
2187,4
2188,1
2189,4
2190,4
2191,1
2192,4
2193,3
2194,1
2195,2
2196,1
2197,4
2198,3
2199,0
2200,0
2201,2
2202,2
2203,0
2204,4
2205,4
2206,1
2207,0
2208,3
2209,4
2210,2
2211,0
2212,4
2213,0
2214,1
2215,3
2216,2
2217,4
2218,4
2219,0
2220,3
2221,1
2222,4
2223,3
2224,2
2225,4
2226,1
2227,3
2228,4
2229,2
2230,2
2231,2
2232,3
2233,3
2234,3
2235,1
2236,2
2237,1
2238,1
2239,0
2240,0
2241,3
2242,2
2243,0
2244,1
2245,3
2246,1
2247,0
2248,1
2249,3
2250,1
2251,0
2252,3
2253,3
2254,3
2255,3
2256,4
2257,1
2258,0
2259,3
2260,3
2261,0
2262,1
2263,1
2264,1
2265,4
2266,2
2267,1
2268,4
2269,0
2270,2
2271,0
2272,0
2273,1
2274,2
2275,4
2276,2
2277,1
2278,2
2279,0
2280,1
2281,1
2282,1
2283,3
2284,0
2285,1
2286,3
2287,4
2288,4
2289,3
2290,3
2291,4
2292,1
2293,0
2294,1
2295,1
2296,2
2297,4
2298,3
2299,1
2300,0
2301,4
2302,1
2303,0
2304,2
2305,3
2306,4
2307,4
2308,3
2309,4
2310,3
2311,1
2312,0
2313,3
2314,3
2315,1
2316,4
2317,1
2318,2
2319,2
2320,3
2321,1
2322,2
2323,0
2324,1
2325,1
2326,3
2327,2
2328,2
2329,1
2330,2
2331,4
2332,3
2333,1
2334,2
2335,2
2336,4
2337,4
2338,4
2339,4
2340,3
2341,3
2342,1
2343,2
2344,3
2345,3
2346,4
2347,4
2348,4
2349,2
2350,3
2351,1
2352,0
2353,0
2354,1
2355,0
2356,3
2357,1
2358,2
2359,2
2360,4
2361,3
2362,2
2363,0
2364,3
2365,4
2366,0
2367,1
2368,3
2369,2
2370,4
2371,3
2372,1
2373,3
2374,3
2375,3
2376,2
2377,2
2378,2
2379,3
2380,4
2381,4
2382,3
2383,1
2384,4
2385,4
2386,3
2387,4
2388,0
2389,1
2390,1
2391,3
2392,2
2393,4
2394,0
2395,2
2396,3
2397,4
2398,4
2399,3
2400,1
2401,2
2402,0
2403,0
2404,0
2405,1
2406,0
2407,3
2408,1
2409,1
2410,3
2411,3
2412,3
2413,1
2414,0
2415,2
2416,4
2417,2
2418,4
2419,4
2420,3
2421,2
2422,4
2423,4
2424,0
2425,2
2426,2
2427,1
2428,2
2429,1
2430,3
2431,3
2432,4
2433,4
2434,1
2435,3
2436,3
2437,3
2438,1
2439,4
2440,1
2441,2
2442,1
2443,3
2444,0
2445,4
2446,4
2447,2
2448,4
2449,3
2450,1
2451,0
2452,2
2453,3
2454,3
2455,2
2456,1
2457,3
2458,4
2459,4
2460,0
2461,3
2462,3
2463,2
2464,0
2465,4
2466,0
2467,4
2468,1
2469,4
2470,1
2471,4
2472,4
2473,4
2474,4
2475,4
2476,0
2477,3
2478,4
2479,1
2480,1
2481,2
2482,2
2483,1
2484,1
2485,4
2486,3
2487,2
2488,4
2489,2
2490,1
2491,2
2492,1
2493,4
2494,1
2495,1
2496,1
2497,4
2498,4
2499,0
2500,2
2501,3
2502,0
2503,0
2504,2
2505,2
2506,4
2507,3
2508,4
2509,2
2510,3
2511,1
2512,0
2513,3
2514,3
2515,1
2516,1
2517,1
2518,3
2519,4
2520,1
2521,2
2522,1
2523,1
2524,4
2525,0
2526,0
2527,3
2528,0
2529,1
2530,2
2531,3
2532,2
2533,1
2534,4
2535,4
2536,4
2537,3
2538,4
2539,1
2540,0
2541,3
2542,4
2543,1
2544,0
2545,2
2546,0
2547,4
2548,2
2549,1
2550,3
2551,4
2552,1
2553,4
2554,4
2555,3
2556,3
2557,0
2558,1
2559,0
2560,1
2561,4
2562,3
2563,1
2564,3
2565,4
2566,4
2567,2
2568,2
2569,3
2570,4
2571,0
2572,4
2573,3
2574,3
2575,0
2576,4
2577,3
2578,1
2579,2
2580,1
2581,3
2582,4
2583,0
2584,3
2585,1
2586,2
2587,0
2588,3
2589,3
2590,4
2591,1
2592,1
2593,1
2594,0
2595,3
2596,0
2597,4
2598,4
2599,3
2600,1
2601,1
2602,4
2603,3
2604,2
2605,1
2606,1
2607,1
2608,1
2609,4
2610,2
2611,3
2612,2
2613,3
2614,1
2615,0
2616,1
2617,2
2618,3
2619,1
2620,0
2621,4
2622,0
2623,0
2624,2
2625,3
2626,2
2627,4
2628,3
2629,4
2630,3
2631,4
2632,1
2633,4
2634,0
2635,3
2636,0
2637,3
2638,1
2639,1
2640,3
2641,2
2642,1
2643,2
2644,4
2645,4
2646,0
2647,4
2648,4
2649,1
2650,2
2651,3
2652,3
2653,3
2654,4
2655,2
2656,4
2657,3
2658,4
2659,3
2660,1
2661,3
2662,3
2663,0
2664,1
2665,0
2666,4
2667,3
2668,2
2669,3
2670,1
2671,1
2672,3
2673,3
2674,0
2675,3
2676,1
2677,4
2678,4
2679,4
2680,4
2681,3
2682,1
2683,4
2684,2
2685,2
2686,1
2687,4
2688,1
2689,4
2690,3
2691,2
2692,2
2693,3
2694,2
2695,4
2696,3
2697,3
2698,1
2699,1
2700,3
2701,3
2702,3
2703,4
2704,4
2705,4
2706,3
2707,3
2708,3
2709,4
2710,1
2711,3
2712,0
2713,2
2714,4
2715,1
2716,4
2717,1
2718,1
2719,3
2720,3
2721,4
2722,3
2723,0
2724,1
2725,0
2726,2
2727,1
2728,2
2729,1
2730,1
2731,4
2732,4
2733,0
2734,4
2735,1
2736,3
2737,4
2738,3
2739,3
2740,4
2741,2
2742,0
2743,0
2744,4
2745,4
2746,3
2747,1
2748,3
2749,4
2750,2
2751,3
2752,4
2753,3
2754,3
2755,3
2756,3
2757,4
2758,4
2759,0
2760,3
2761,4
2762,2
2763,2
2764,4
2765,4
2766,0
2767,1
2768,4
2769,4
2770,2
2771,3
2772,1
2773,1
2774,2
2775,1
2776,3
2777,3
2778,2
2779,0
2780,2
2781,1
2782,2
2783,2
2784,2
2785,4
2786,2
2787,3
2788,2
2789,3
2790,3
2791,3
2792,2
2793,0
2794,2
2795,2
2796,3
2797,3
2798,3
2799,0
2800,2
2801,3
2802,3
2803,2
2804,1
2805,2
2806,1
2807,2
2808,3
2809,1
2810,3
2811,1
2812,3
2813,4
2814,1
2815,2
2816,4
2817,4
2818,3
2819,3
2820,1
2821,1
2822,3
2823,2
2824,0
2825,4
2826,1
2827,2
2828,2
2829,0
2830,1
2831,2
2832,1
2833,4
2834,0
2835,0
2836,2
2837,4
2838,4
2839,3
2840,4
2841,4
2842,0
2843,2
2844,1
2845,1
2846,4
2847,4
2848,2
2849,3
2850,2
2851,1
2852,2
2853,3
2854,4
2855,3
2856,1
2857,3
2858,1
2859,2
2860,1
2861,4
2862,4
2863,2
2864,0
2865,4
2866,0
2867,2
2868,4
2869,1
2870,0
2871,2
2872,3
2873,3
2874,1
2875,0
2876,4
2877,3
2878,2
2879,1
2880,2
2881,3
2882,2
2883,4
2884,2
2885,0
2886,4
2887,2
2888,0
2889,4
2890,2
2891,2
2892,1
2893,1
2894,0
2895,1
2896,1
2897,1
2898,0
2899,0
2900,3
2901,2
2902,2
2903,0
2904,2
2905,2
2906,4
2907,4
2908,4
2909,4
2910,1
2911,4
2912,2
2913,3
2914,0
2915,0
2916,3
2917,0
2918,1
2919,4
2920,3
2921,3
2922,3
2923,0
2924,4
2925,1
2926,2
2927,0
2928,2
2929,0
2930,4
2931,0
2932,3
2933,2
2934,1
2935,1
2936,2
2937,1
2938,0
2939,3
2940,3
2941,0
2942,4
2943,0
2944,3
2945,0
2946,3
2947,0
2948,0
2949,4
2950,1
2951,4
2952,0
2953,2
2954,3
2955,2
2956,3
2957,1
2958,3
2959,4
2960,1
2961,3
2962,0
2963,1
2964,3
2965,1
2966,4
2967,2
2968,0
2969,3
2970,3
2971,4
2972,0
2973,0
2974,3
2975,1
2976,2
2977,3
2978,4
2979,2
2980,2
2981,4
2982,0
2983,1
2984,2
2985,0
2986,2
2987,4
2988,3
2989,4
2990,3
2991,1
2992,4
2993,1
2994,4
2995,3
2996,1
2997,1
2998,2
2999,3
3000,3
3001,1
3002,3
3003,1
3004,2
3005,4
3006,4
3007,2
3008,1
3009,3
3010,4
3011,0
3012,4
3013,2
3014,1
3015,0
3016,2
3017,2
3018,0
3019,2
3020,4
3021,4
3022,1
3023,1
3024,2
3025,3
3026,3
3027,4
3028,3
3029,4
3030,4
3031,2
3032,0
3033,4
3034,3
3035,3
3036,1
3037,1
3038,1
3039,1
3040,2
3041,1
3042,4
3043,1
3044,3
3045,4
3046,2
3047,4
3048,4
3049,1
3050,0
3051,4
3052,1
3053,1
3054,1
3055,4
3056,2
3057,2
3058,3
3059,2
3060,1
3061,2
3062,4
3063,4
3064,3
3065,3
3066,2
3067,2
3068,1
3069,0
3070,4
3071,4
3072,3
3073,4
3074,3
3075,0
3076,0
3077,0
3078,2
3079,0
3080,3
3081,3
3082,3
3083,4
3084,3
3085,1
3086,3
3087,3
3088,1
3089,0
3090,4
3091,0
3092,3
3093,1
3094,1
3095,1
3096,4
3097,2
3098,1
3099,4
3100,1
3101,1
3102,4
3103,3
3104,1
3105,1
3106,3
3107,3
3108,1
3109,3
3110,2
3111,4
3112,2
3113,0
3114,1
3115,4
3116,4
3117,0
3118,1
3119,3
3120,1
3121,3
3122,1
3123,1
3124,2
3125,2
3126,2
3127,0
3128,0
3129,0
3130,1
3131,0
3132,4
3133,3
3134,0
3135,4
3136,3
3137,4
3138,1
3139,4
3140,3
3141,3
3142,1
3143,2
3144,0
3145,3
3146,2
3147,2
3148,1
3149,2
3150,2
3151,0
3152,0
3153,0
3154,1
3155,4
3156,3
3157,3
3158,1
3159,4
3160,1
3161,4
3162,0
3163,3
3164,1
3165,3
3166,1
3167,4
3168,1
3169,2
3170,3
3171,4
3172,1
3173,0
3174,1
3175,4
3176,2
3177,1
3178,2
3179,1
3180,3
3181,2
3182,3
3183,2
3184,1
3185,3
3186,0
3187,1
3188,3
3189,3
3190,2
3191,3
3192,4
3193,2
3194,0
3195,4
3196,3
3197,3
3198,1
3199,1
3200,4
3201,0
3202,2
3203,1
3204,4
3205,1
3206,4
3207,3
3208,4
3209,1
3210,1
3211,4
3212,3
3213,4
3214,0
3215,1
3216,4
3217,4
3218,2
3219,0
3220,0
3221,3
3222,4
3223,3
3224,3
3225,2
3226,2
3227,0
3228,2
3229,1
3230,3
3231,0
3232,1
3233,2
3234,0
3235,2
3236,2
3237,3
3238,3
3239,0
3240,2
3241,2
3242,1
3243,4
3244,3
3245,1
3246,2
3247,4
3248,2
3249,2
3250,1
3251,4
3252,4
3253,1
3254,3
3255,4
3256,1
3257,0
3258,0
3259,4
3260,2
3261,1
3262,0
3263,3
3264,1
3265,2
3266,3
3267,3
3268,1
3269,1
3270,2
3271,0
3272,2
3273,3
3274,3
3275,2
3276,0
3277,0
3278,3
3279,0
3280,0
3281,0
3282,1
3283,2
3284,3
3285,1
3286,4
3287,4
3288,2
3289,4
3290,1
3291,0
3292,1
3293,1
3294,0
3295,4
3296,0
3297,1
3298,4
3299,1
3300,3
3301,3
3302,4
3303,4
3304,3
3305,1
3306,2
3307,0
3308,3
3309,4
3310,1
3311,1
3312,4
3313,2
3314,3
3315,4
3316,1
3317,4
3318,3
3319,3
3320,2
3321,2
3322,0
3323,3
3324,1
3325,0
3326,3
3327,3
3328,3
3329,1
3330,1
3331,1
3332,3
3333,4
3334,4
3335,0
3336,4
3337,4
3338,3
3339,2
3340,0
3341,3
3342,2
3343,1
3344,3
3345,4
3346,2
3347,1
3348,4
3349,3
3350,3
3351,4
3352,3
3353,0
3354,1
3355,3
3356,2
3357,3
3358,1
3359,3
3360,2
3361,1
3362,1
3363,1
3364,2
3365,1
3366,0
3367,2
3368,1
3369,0
3370,1
3371,3
3372,4
3373,4
3374,1
3375,4
3376,3
3377,3
3378,1
3379,2
3380,0
3381,4
3382,4
3383,3
3384,1
3385,3
3386,2
3387,1
3388,1
3389,1
3390,3
3391,3
3392,0
3393,4
3394,4
3395,1
3396,4
3397,2
3398,4
3399,1
3400,4
3401,2
3402,0
3403,1
3404,4
3405,3
3406,1
3407,4
3408,2
3409,3
3410,4
3411,2
3412,4
3413,4
3414,2
3415,3
3416,1
3417,1
3418,4
3419,1
3420,1
3421,2
3422,3
3423,2
3424,1
3425,3
3426,1
3427,4
3428,4
3429,4
3430,3
3431,0
3432,3
3433,1
3434,4
3435,1
3436,0
3437,3
3438,3
3439,0
3440,4
3441,1
3442,1
3443,4
3444,3
3445,4
3446,3
3447,4
3448,0
3449,2
3450,1
3451,2
3452,4
3453,3
3454,2
3455,1
3456,4
3457,2
3458,3
3459,0
3460,3
3461,3
3462,2
3463,2
3464,3
3465,0
3466,1
3467,0
3468,1
3469,1
3470,1
3471,0
3472,2
3473,1
3474,1
3475,2
3476,4
3477,1
3478,4
3479,1
3480,1
3481,1
3482,3
3483,1
3484,3
3485,0
3486,4
3487,3
3488,4
3489,4
3490,3
3491,4
3492,3
3493,3
3494,3
3495,0
3496,1
3497,3
3498,3
3499,3
3500,3
3501,1
3502,2
3503,3
3504,3
3505,3
3506,0
3507,3
3508,4
3509,2
3510,1
3511,1
3512,3
3513,3
3514,4
3515,2
3516,2
3517,1
3518,1
3519,2
3520,4
3521,3
3522,1
3523,1
3524,3
3525,1
3526,2
3527,2
3528,2
3529,0
3530,1
3531,3
3532,3
3533,1
3534,1
3535,2
3536,1
3537,3
3538,4
3539,1
3540,3
3541,3
3542,4
3543,4
3544,2
3545,1
3546,1
3547,1
3548,4
3549,4
3550,0
3551,4
3552,2
3553,4
3554,2
3555,2
3556,0
3557,4
3558,3
3559,4
3560,1
3561,4
3562,1
3563,1
3564,3
3565,2
3566,4
3567,4
3568,4
3569,2
3570,4
3571,1
3572,1
3573,0
3574,0
3575,1
3576,4
3577,3
3578,1
3579,2
3580,2
3581,3
3582,2
3583,3
3584,3
3585,4
3586,1
3587,2
3588,3
3589,4
3590,3
3591,0
3592,3
3593,3
3594,1
3595,0
3596,0
3597,4
3598,2
3599,0
3600,4
3601,1
3602,3
3603,0
3604,0
3605,3
3606,0
3607,1
3608,2
3609,3
3610,2
3611,4
3612,2
3613,1
3614,2
3615,0
3616,3
3617,3
3618,3
3619,1
3620,1
3621,1
3622,2
3623,4
3624,0
3625,1
3626,0
3627,4
3628,0
3629,4
3630,0
3631,2
3632,4
3633,1
3634,2
3635,3
3636,3
3637,1
3638,1
3639,4
3640,1
3641,0
3642,1
3643,1
3644,1
3645,4
3646,2
3647,3
3648,3
3649,2
3650,3
3651,3
3652,2
3653,1
3654,3
3655,1
3656,3
3657,3
3658,3
3659,3
3660,1
3661,1
3662,1
3663,4
3664,1
3665,4
3666,0
3667,3
3668,3
3669,4
3670,2
3671,3
3672,0
3673,1
3674,3
3675,4
3676,0
3677,0
3678,3
3679,4
3680,3
3681,4
3682,3
3683,1
3684,0
3685,0
3686,2
3687,0
3688,4
3689,1
3690,1
3691,3
3692,1
3693,1
3694,1
3695,2
3696,0
3697,1
3698,4
3699,1
3700,1
3701,4
3702,3
3703,1
3704,4
3705,2
3706,4
3707,4
3708,3
3709,3
3710,3
3711,0
3712,1
3713,3
3714,0
3715,4
3716,0
3717,3
3718,4
3719,0
3720,4
3721,1
3722,4
3723,1
3724,1
3725,1
3726,0
3727,4
3728,0
3729,1
3730,3
3731,1
3732,3
3733,0
3734,4
3735,3
3736,3
3737,2
3738,3
3739,2
3740,4
3741,1
3742,1
3743,0
3744,0
3745,3
3746,1
3747,0
3748,3
3749,3
3750,1
3751,4
3752,4
3753,0
3754,1
3755,2
3756,4
3757,0
3758,1
3759,4
3760,2
3761,2
3762,1
3763,0
3764,1
3765,4
3766,4
3767,0
3768,2
3769,3
3770,0
3771,2
3772,4
3773,4
3774,4
3775,4
3776,2
3777,1
3778,1
3779,3
3780,4
3781,3
3782,0
3783,2
3784,4
3785,3
3786,0
3787,0
3788,1
3789,3
3790,1
3791,3
3792,4
3793,4
3794,1
3795,0
3796,0
3797,1
3798,2
3799,4
3800,1
3801,1
3802,0
3803,2
3804,2
3805,1
3806,0
3807,1
3808,4
3809,0
3810,2
3811,1
3812,2
3813,1
3814,0
3815,3
3816,2
3817,3
3818,0
3819,2
3820,4
3821,3
3822,4
3823,3
3824,3
3825,0
3826,2
3827,1
3828,1
3829,3
3830,1
3831,0
3832,4
3833,1
3834,1
3835,0
3836,3
3837,1
3838,4
3839,4
3840,3
3841,1
3842,2
3843,2
3844,4
3845,2
3846,1
3847,4
3848,0
3849,2
3850,3
3851,3
3852,3
3853,1
3854,2
3855,4
3856,1
3857,1
3858,2
3859,3
3860,1
3861,0
3862,0
3863,2
3864,3
3865,1
3866,3
3867,4
3868,1
3869,1
3870,3
3871,4
3872,2
3873,3
3874,4
3875,2
3876,0
3877,0
3878,0
3879,2
3880,3
3881,2
3882,1
3883,0
3884,2
3885,0
3886,3
3887,4
3888,0
3889,2
3890,2
3891,0
3892,3
3893,2
3894,1
3895,4
3896,2
3897,3
3898,2
3899,0
3900,2
3901,1
3902,4
3903,3
3904,1
3905,4
3906,1
3907,2
3908,1
3909,0
3910,3
3911,3
3912,1
3913,4
3914,1
3915,0
3916,1
3917,2
3918,2
3919,2
3920,1
3921,4
3922,3
3923,0
3924,0
3925,0
3926,3
3927,0
3928,1
3929,3
3930,1
3931,3
3932,2
3933,4
3934,4
3935,2
3936,1
3937,2
3938,1
3939,2
3940,0
3941,3
3942,0
3943,4
3944,0
3945,2
3946,0
3947,3
3948,0
3949,1
3950,2
3951,0
3952,1
3953,3
3954,2
3955,3
3956,3
3957,0
3958,1
3959,1
3960,2
3961,2
3962,1
3963,1
3964,3
3965,4
3966,0
3967,0
3968,3
3969,4
3970,3
3971,2
3972,0
3973,4
3974,2
3975,0
3976,1
3977,1
3978,3
3979,4
3980,0
3981,4
3982,4
3983,3
3984,1
3985,1
3986,3
3987,2
3988,1
3989,3
3990,4
3991,0
3992,2
3993,0
3994,4
3995,3
3996,4
3997,3
3998,3
3999,1
4000,4
4001,3
4002,0
4003,2
4004,2
4005,2
4006,2
4007,2
4008,0
4009,2
4010,0
4011,3
4012,3
4013,1
4014,0
4015,2
4016,1
4017,3
4018,4
4019,0
4020,1
4021,2
4022,1
4023,1
4024,1
4025,1
4026,3
4027,2
4028,4
4029,3
4030,3
4031,2
4032,0
4033,2
4034,4
4035,4
4036,4
4037,0
4038,4
4039,1
4040,1
4041,3
4042,0
4043,3
4044,4
4045,4
4046,1
4047,2
4048,2
4049,3
4050,2
4051,3
4052,3
4053,4
4054,2
4055,1
4056,4
4057,3
4058,4
4059,2
4060,3
4061,3
4062,2
4063,3
4064,2
4065,1
4066,4
4067,3
4068,0
4069,0
4070,4
4071,0
4072,3
4073,0
4074,2
4075,4
4076,4
4077,3
4078,1
4079,4
4080,4
4081,1
4082,4
4083,1
4084,0
4085,1
4086,1
4087,3
4088,4
4089,4
4090,3
4091,3
4092,4
4093,3
4094,4
4095,0
4096,4
4097,4
4098,0
4099,1
4100,2
4101,3
4102,1
4103,3
4104,3
4105,4
4106,3
4107,4
4108,1
4109,0
4110,0
4111,4
4112,3
4113,2
4114,3
4115,0
4116,2
4117,4
4118,2
4119,3
4120,3
4121,4
4122,1
4123,3
4124,1
4125,0
4126,1
4127,3
4128,0
4129,4
4130,3
4131,0
4132,4
4133,0
4134,2
4135,1
4136,1
4137,3
4138,2
4139,3
4140,4
4141,0
4142,3
4143,0
4144,3
4145,3
4146,1
4147,0
4148,4
4149,4
4150,0
4151,0
4152,3
4153,2
4154,2
4155,3
4156,4
4157,4
4158,0
4159,2
4160,4
4161,1
4162,1
4163,2
4164,1
4165,0
4166,3
4167,4
4168,3
4169,2
4170,3
4171,3
4172,0
4173,1
4174,2
4175,3
4176,1
4177,4
4178,1
4179,1
4180,3
4181,0
4182,4
4183,2
4184,1
4185,3
4186,1
4187,3
4188,1
4189,4
4190,1
4191,1
4192,0
4193,4
4194,0
4195,1
4196,0
4197,1
4198,3
4199,3
4200,3
4201,0
4202,3
4203,3
4204,0
4205,3
4206,2
4207,3
4208,4
4209,3
4210,4
4211,0
4212,1
4213,3
4214,2
4215,4
4216,3
4217,3
4218,4
4219,1
4220,1
4221,2
4222,1
4223,2
4224,3
4225,2
4226,4
4227,4
4228,1
4229,3
4230,0
4231,3
4232,1
4233,0
4234,3
4235,0
4236,0
4237,3
4238,0
4239,4
4240,3
4241,3
4242,2
4243,1
4244,0
4245,4
4246,3
4247,3
4248,3
4249,1
4250,4
4251,3
4252,0
4253,1
4254,0
4255,4
4256,2
4257,0
4258,3
4259,2
4260,4
4261,4
4262,3
4263,3
4264,2
4265,3
4266,2
4267,2
4268,1
4269,4
4270,3
4271,4
4272,4
4273,1
4274,2
4275,4
4276,3
4277,2
4278,2
4279,1
4280,1
4281,3
4282,0
4283,1
4284,3
4285,1
4286,2
4287,3
4288,2
4289,4
4290,3
4291,1
4292,2
4293,1
4294,1
4295,3
4296,1
4297,0
4298,2
4299,2
4300,1
4301,1
4302,0
4303,3
4304,4
4305,2
4306,3
4307,3
4308,0
4309,4
4310,3
4311,4
4312,1
4313,0
4314,1
4315,1
4316,1
4317,1
4318,2
4319,3
4320,0
4321,3
4322,2
4323,1
4324,1
4325,4
4326,1
4327,0
4328,3
4329,0
4330,2
4331,3
4332,3
4333,0
4334,3
4335,0
4336,1
4337,4
4338,3
4339,2
4340,3
4341,2
4342,0
4343,3
4344,0
4345,0
4346,2
4347,2
4348,1
4349,0
4350,4
4351,4
4352,3
4353,3
4354,4
4355,2
4356,4
4357,2
4358,2
4359,1
4360,1
4361,3
4362,4
4363,1
4364,4
4365,4
4366,2
4367,3
4368,1
4369,3
4370,1
4371,4
4372,1
4373,2
4374,3
4375,0
4376,2
4377,2
4378,1
4379,0
4380,3
4381,4
4382,1
4383,1
4384,1
4385,3
4386,3
4387,2
4388,4
4389,0
4390,1
4391,1
4392,2
4393,0
4394,3
4395,4
4396,2
4397,0
4398,2
4399,4
4400,4
4401,4
4402,3
4403,1
4404,3
4405,4
4406,3
4407,4
4408,0
4409,2
4410,3
4411,3
4412,1
4413,2
4414,2
4415,4
4416,3
4417,3
4418,1
4419,1
4420,4
4421,1
4422,4
4423,3
4424,2
4425,2
4426,3
4427,0
4428,4
4429,1
4430,4
4431,2
4432,1
4433,3
4434,4
4435,3
4436,1
4437,0
4438,4
4439,1
4440,0
4441,4
4442,2
4443,3
4444,1
4445,3
4446,1
4447,3
4448,3
4449,4
4450,4
4451,3
4452,3
4453,1
4454,0
4455,2
4456,1
4457,3
4458,2
4459,2
4460,0
4461,1
4462,4
4463,1
4464,4
4465,3
4466,4
4467,3
4468,3
4469,1
4470,4
4471,1
4472,4
4473,1
4474,2
4475,0
4476,0
4477,4
4478,1
4479,4
4480,2
4481,3
4482,4
4483,3
4484,4
4485,3
4486,3
4487,2
4488,2
4489,2
4490,2
4491,1
4492,3
4493,1
4494,4
4495,2
4496,1
4497,1
4498,4
4499,3
4500,3
4501,3
4502,0
4503,1
4504,2
4505,1
4506,3
4507,3
4508,0
4509,1
4510,4
4511,3
4512,2
4513,4
4514,0
4515,2
4516,1
4517,4
4518,3
4519,1
4520,3
4521,0
4522,3
4523,4
4524,0
4525,2
4526,0
4527,0
4528,4
4529,3
4530,2
4531,1
4532,3
4533,3
4534,2
4535,1
4536,0
4537,3
4538,0
4539,1
4540,0
4541,1
4542,1
4543,1
4544,1
4545,1
4546,4
4547,2
4548,1
4549,2
4550,3
4551,3
4552,2
4553,2
4554,4
4555,2
4556,3
4557,2
4558,4
4559,0
4560,1
4561,1
4562,1
4563,2
4564,4
4565,3
4566,3
4567,4
4568,2
4569,4
4570,3
4571,1
4572,4
4573,2
4574,2
4575,1
4576,2
4577,3
4578,1
4579,4
4580,0
4581,2
4582,4
4583,2
4584,4
4585,4
4586,1
4587,3
4588,1
4589,4
4590,2
4591,3
4592,0
4593,4
4594,4
4595,0
4596,1
4597,1
4598,2
4599,1
4600,3
4601,1
4602,3
4603,4
4604,3
4605,4
4606,2
4607,3
4608,3
4609,4
4610,1
4611,1
4612,3
4613,4
4614,4
4615,3
4616,1
4617,1
4618,2
4619,1
4620,0
4621,0
4622,2
4623,1
4624,2
4625,2
4626,4
4627,3
4628,2
4629,3
4630,2
4631,2
4632,4
4633,2
4634,3
4635,0
4636,2
4637,4
4638,3
4639,1
4640,0
4641,1
4642,1
4643,3
4644,1
4645,4
4646,2
4647,4
4648,0
4649,4
4650,0
4651,3
4652,4
4653,0
4654,1
4655,2
4656,3
4657,4
4658,1
4659,0
4660,2
4661,4
4662,3
4663,4
4664,3
4665,4
4666,3
4667,1
4668,1
4669,0
4670,1
4671,1
4672,0
4673,0
4674,3
4675,3
4676,1
4677,1
4678,2
4679,4
4680,4
4681,4
4682,2
4683,4
4684,2
4685,4
4686,4
4687,3
4688,1
4689,3
4690,3
4691,2
4692,1
4693,2
4694,4
4695,3
4696,0
4697,1
4698,2
4699,4
4700,2
4701,0
4702,1
4703,4
4704,3
4705,1
4706,0
4707,2
4708,0
4709,4
4710,0
4711,1
4712,0
4713,4
4714,1
4715,3
4716,3
4717,0
4718,2
4719,2
4720,3
4721,1
4722,4
4723,2
4724,1
4725,3
4726,4
4727,0
4728,0
4729,1
4730,1
4731,3
4732,3
4733,4
4734,3
4735,1
4736,0
4737,4
4738,0
4739,2
4740,2
4741,4
4742,1
4743,1
4744,4
4745,3
4746,3
4747,2
4748,3
4749,1
4750,1
4751,2
4752,0
4753,1
4754,3
4755,3
4756,1
4757,0
4758,2
4759,3
4760,3
4761,2
4762,2
4763,2
4764,1
4765,0
4766,0
4767,0
4768,3
4769,2
4770,4
4771,2
4772,0
4773,4
4774,3
4775,4
4776,1
4777,4
4778,3
4779,0
4780,4
4781,0
4782,1
4783,4
4784,4
4785,4
4786,4
4787,4
4788,2
4789,3
4790,1
4791,3
4792,2
4793,1
4794,2
4795,0
4796,2
4797,2
4798,0
4799,2
4800,1
4801,4
4802,4
4803,3
4804,1
4805,4
4806,1
4807,4
4808,3
4809,4
4810,1
4811,4
4812,2
4813,2
4814,2
4815,2
4816,1
4817,4
4818,2
4819,1
4820,1
4821,1
4822,4
4823,2
4824,4
4825,1
4826,3
4827,4
4828,3
4829,1
4830,3
4831,1
4832,2
4833,3
4834,0
4835,3
4836,1
4837,2
4838,2
4839,0
4840,4
4841,4
4842,3
4843,0
4844,1
4845,2
4846,1
4847,2
4848,1
4849,1
4850,4
4851,0
4852,0
4853,1
4854,1
4855,4
4856,3
4857,4
4858,0
4859,4
4860,2
4861,1
4862,2
4863,4
4864,4
4865,1
4866,3
4867,3
4868,1
4869,1
4870,2
4871,3
4872,1
4873,3
4874,1
4875,1
4876,4
4877,2
4878,0
4879,3
4880,4
4881,3
4882,2
4883,3
4884,1
4885,1
4886,1
4887,0
4888,1
4889,1
4890,2
4891,4
4892,4
4893,1
4894,0
4895,1
4896,2
4897,2
4898,1
4899,3
4900,3
4901,3
4902,1
4903,3
4904,4
4905,0
4906,1
4907,1
4908,3
4909,1
4910,4
4911,3
4912,3
4913,3
4914,1
4915,2
4916,1
4917,2
4918,4
4919,4
4920,0
4921,1
4922,2
4923,4
4924,1
4925,3
4926,4
4927,3
4928,4
4929,3
4930,3
4931,0
4932,3
4933,1
4934,2
4935,2
4936,1
4937,3
4938,2
4939,3
4940,0
4941,4
4942,2
4943,4
4944,1
4945,3
4946,0
4947,1
4948,1
4949,2
4950,1
4951,4
4952,0
4953,3
4954,2
4955,1
4956,3
4957,0
4958,3
4959,2
4960,4
4961,4
4962,2
4963,3
4964,4
4965,3
4966,3
4967,4
4968,1
4969,2
4970,1
4971,3
4972,2
4973,1
4974,0
4975,2
4976,1
4977,2
4978,4
4979,0
4980,3
4981,1
4982,3
4983,1
4984,3
4985,3
4986,2
4987,3
4988,2
4989,2
4990,4
4991,1
4992,0
4993,1
4994,3
4995,2
4996,1
4997,1
4998,2
4999,1
5000,3
5001,0
5002,2
5003,1
5004,4
5005,3
5006,4
5007,3
5008,0
5009,2
5010,1
5011,3
5012,3
5013,4
5014,1
5015,0
5016,4
5017,0
5018,0
5019,1
5020,4
5021,4
5022,2
5023,2
5024,4
5025,4
5026,3
5027,0
5028,1
5029,3
5030,4
5031,3
5032,2
5033,3
5034,3
5035,2
5036,2
5037,4
5038,4
5039,3
5040,4
5041,3
5042,3
5043,3
5044,2
5045,4
5046,2
5047,1
5048,4
5049,3
5050,0
5051,2
5052,2
5053,4
5054,4
5055,4
5056,0
5057,1
5058,3
5059,3
5060,0
5061,3
5062,1
5063,3
5064,4
5065,2
5066,1
5067,1
5068,4
5069,3
5070,2
5071,1
5072,1
5073,2
5074,1
5075,2
5076,0
5077,4
5078,0
5079,3
5080,1
5081,4
5082,4
5083,1
5084,3
5085,3
5086,4
5087,3
5088,2
5089,2
5090,1
5091,2
5092,3
5093,1
5094,0
5095,2
5096,1
5097,1
5098,2
5099,0
5100,3
5101,4
5102,3
5103,3
5104,3
5105,2
5106,2
5107,1
5108,0
5109,4
5110,3
5111,4
5112,3
5113,3
5114,1
5115,3
5116,4
5117,3
5118,2
5119,2
5120,0
5121,2
5122,4
5123,1
5124,4
5125,3
5126,2
5127,2
5128,3
5129,3
5130,1
5131,0
5132,2
5133,0
5134,3
5135,4
5136,2
5137,3
5138,0
5139,0
5140,4
5141,1
5142,4
5143,2
5144,4
5145,2
5146,0
5147,1
5148,0
5149,2
5150,2
5151,4
5152,2
5153,1
5154,3
5155,3
5156,2
5157,3
5158,3
5159,2
5160,1
5161,1
5162,4
5163,1
5164,4
5165,4
5166,4
5167,1
5168,2
5169,0
5170,4
5171,4
5172,3
5173,0
5174,4
5175,3
5176,2
5177,3
5178,2
5179,3
5180,4
5181,0
5182,3
5183,0
5184,4
5185,3
5186,3
5187,1
5188,1
5189,3
5190,3
5191,2
5192,2
5193,2
5194,2
5195,3
5196,3
5197,1
5198,3
5199,1
5200,1
5201,2
5202,4
5203,0
5204,2
5205,2
5206,3
5207,1
5208,0
5209,4
5210,3
5211,4
5212,0
5213,2
5214,1
5215,2
5216,4
5217,3
5218,2
5219,1
5220,2
5221,0
5222,1
5223,4
5224,3
5225,4
5226,2
5227,3
5228,0
5229,1
5230,4
5231,4
5232,2
5233,3
5234,4
5235,2
5236,3
5237,2
5238,1
5239,0
5240,3
5241,3
5242,1
5243,3
5244,4
5245,4
5246,3
5247,0
5248,3
5249,2
5250,4
5251,3
5252,4
5253,4
5254,3
5255,4
5256,2
5257,1
5258,1
5259,3
5260,1
5261,0
5262,4
5263,1
5264,1
5265,1
5266,3
5267,1
5268,1
5269,0
5270,2
5271,4
5272,1
5273,2
5274,1
5275,1
5276,4
5277,2
5278,3
5279,4
5280,3
5281,1
5282,1
5283,1
5284,0
5285,3
5286,3
5287,2
5288,2
5289,4
5290,1
5291,4
5292,0
5293,0
5294,3
5295,3
5296,1
5297,1
5298,4
5299,3
5300,2
5301,3
5302,4
5303,0
5304,2
5305,2
5306,2
5307,1
5308,4
5309,1
5310,4
5311,3
5312,4
5313,0
5314,2
5315,2
5316,3
5317,3
5318,3
5319,3
5320,0
5321,1
5322,1
5323,3
5324,1
5325,4
5326,4
5327,1
5328,2
5329,3
5330,4
5331,3
5332,2
5333,1
5334,3
5335,1
5336,3
5337,4
5338,2
5339,0
5340,0
5341,1
5342,1
5343,3
5344,2
5345,1
5346,2
5347,0
5348,3
5349,1
5350,1
5351,3
5352,0
5353,1
5354,1
5355,3
5356,1
5357,4
5358,2
5359,0
5360,3
5361,0
5362,1
5363,0
5364,1
5365,4
5366,3
5367,3
5368,1
5369,1
5370,0
5371,3
5372,2
5373,3
5374,4
5375,4
5376,2
5377,2
5378,0
5379,1
5380,4
5381,3
5382,3
5383,1
5384,0
5385,2
5386,3
5387,2
5388,1
5389,0
5390,2
5391,1
5392,4
5393,4
5394,3
5395,2
5396,3
5397,0
5398,0
5399,1
5400,3
5401,0
5402,4
5403,3
5404,1
5405,2
5406,3
5407,1
5408,0
5409,1
5410,3
5411,3
5412,3
5413,2
5414,2
5415,3
5416,1
5417,1
5418,4
5419,3
5420,1
5421,3
5422,4
5423,3
5424,0
5425,3
5426,0
5427,4
5428,3
5429,1
5430,4
5431,4
5432,1
5433,2
5434,2
5435,4
5436,1
5437,2
5438,2
5439,0
5440,3
5441,1
5442,3
5443,3
5444,3
5445,1
5446,4
5447,0
5448,2
5449,1
5450,3
5451,4
5452,1
5453,4
5454,4
5455,4
5456,4
5457,3
5458,4
5459,1
5460,4
5461,1
5462,3
5463,3
5464,3
5465,3
5466,2
5467,1
5468,4
5469,3
5470,3
5471,2
5472,2
5473,2
5474,1
5475,2
5476,1
5477,3
5478,1
5479,4
5480,3
5481,3
5482,1
5483,1
5484,3
5485,4
5486,2
5487,1
5488,3
5489,4
5490,4
5491,1
5492,3
5493,2
5494,3
5495,2
5496,3
5497,1
5498,1
5499,1
5500,1
5501,3
5502,1
5503,0
5504,0
5505,3
5506,0
5507,4
5508,4
5509,4
5510,2
5511,4
5512,1
5513,3
5514,1
5515,4
5516,2
5517,1
5518,1
5519,1
5520,1
5521,4
5522,0
5523,0
5524,1
5525,3
5526,2
5527,1
5528,1
5529,0
5530,3
5531,2
5532,1
5533,3
5534,2
5535,3
5536,2
5537,4
5538,1
5539,1
5540,2
5541,2
5542,1
5543,1
5544,0
5545,2
5546,3
5547,2
5548,3
5549,4
5550,4
5551,1
5552,4
5553,1
5554,4
5555,0
5556,1
5557,4
5558,3
5559,2
5560,1
5561,2
5562,0
5563,3
5564,4
5565,4
5566,1
5567,0
5568,2
5569,4
5570,2
5571,3
5572,3
5573,2
5574,4
5575,3
5576,2
5577,3
5578,1
5579,1
5580,3
5581,2
5582,3
5583,2
5584,0
5585,1
5586,2
5587,1
5588,0
5589,2
5590,1
5591,2
5592,1
5593,3
5594,1
5595,2
5596,2
5597,1
5598,3
5599,4
5600,3
5601,4
5602,4
5603,1
5604,1
5605,0
5606,4
5607,2
5608,4
5609,1
5610,3
5611,4
5612,2
5613,3
5614,2
5615,4
5616,0
5617,2
5618,3
5619,0
5620,1
5621,2
5622,1
5623,2
5624,4
5625,3
5626,3
5627,3
5628,1
5629,2
5630,4
5631,0
5632,4
5633,0
5634,3
5635,3
5636,2
5637,4
5638,4
5639,2
5640,3
5641,3
5642,1
5643,2
5644,3
5645,3
5646,0
5647,3
5648,1
5649,4
5650,1
5651,4
5652,1
5653,1
5654,0
5655,1
5656,0
5657,0
5658,2
5659,2
5660,4
5661,3
5662,1
5663,0
5664,0
5665,1
5666,3
5667,4
5668,0
5669,3
5670,4
5671,3
5672,0
5673,2
5674,1
5675,1
5676,2
5677,3
5678,4
5679,0
5680,0
5681,2
5682,4
5683,4
5684,2
5685,3
5686,3
5687,3
5688,4
5689,3
5690,0
5691,4
5692,3
5693,3
5694,4
5695,4
5696,3
5697,3
5698,3
5699,2
5700,1
5701,1
5702,0
5703,4
5704,4
5705,4
5706,3
5707,0
5708,1
5709,1
5710,0
5711,2
5712,0
5713,3
5714,0
5715,2
5716,1
5717,3
5718,3
5719,4
5720,1
5721,3
5722,1
5723,3
5724,3
5725,4
5726,1
5727,4
5728,1
5729,2
5730,3
5731,3
5732,0
5733,3
5734,1
5735,3
5736,4
5737,4
5738,0
5739,4
5740,2
5741,4
5742,3
5743,1
5744,2
5745,0
5746,1
5747,0
5748,0
5749,3
5750,1
5751,2
5752,4
5753,3
5754,1
5755,4
5756,4
5757,0
5758,3
5759,3
5760,2
5761,2
5762,4
5763,4
5764,0
5765,1
5766,1
5767,1
5768,0
5769,3
5770,2
5771,1
5772,3
5773,1
5774,2
5775,1
5776,3
5777,1
5778,3
5779,2
5780,0
5781,3
5782,0
5783,1
5784,2
5785,1
5786,2
5787,3
5788,0
5789,3
5790,2
5791,0
5792,4
5793,1
5794,1
5795,1
5796,1
5797,4
5798,0
5799,3
5800,0
5801,3
5802,1
5803,3
5804,0
5805,0
5806,2
5807,3
5808,1
5809,4
5810,3
5811,3
5812,1
5813,2
5814,3
5815,3
5816,2
5817,1
5818,3
5819,1
5820,3
5821,1
5822,1
5823,0
5824,3
5825,3
5826,0
5827,0
5828,4
5829,2
5830,1
5831,4
5832,2
5833,4
5834,0
5835,4
5836,1
5837,4
5838,4
5839,4
5840,1
5841,0
5842,3
5843,3
5844,3
5845,3
5846,2
5847,3
5848,1
5849,1
5850,0
5851,1
5852,0
5853,4
5854,4
5855,1
5856,4
5857,1
5858,2
5859,1
5860,0
5861,2
5862,4
5863,4
5864,1
5865,4
5866,4
5867,3
5868,3
5869,2
5870,2
5871,0
5872,0
5873,4
5874,4
5875,2
5876,4
5877,4
5878,1
5879,1
5880,2
5881,2
5882,1
5883,2
5884,1
5885,4
5886,3
5887,0
5888,1
5889,2
5890,3
5891,0
5892,3
5893,2
5894,2
5895,1
5896,3
5897,1
5898,0
5899,1
5900,1
5901,1
5902,4
5903,3
5904,1
5905,4
5906,3
5907,2
5908,2
5909,4
5910,1
5911,4
5912,3
5913,4
5914,0
5915,2
5916,3
5917,1
5918,0
5919,1
5920,1
5921,1
5922,2
5923,4
5924,2
5925,2
5926,2
5927,3
5928,0
5929,4
5930,0
5931,3
5932,2
5933,2
5934,1
5935,2
5936,1
5937,4
5938,4
5939,3
5940,4
5941,3
5942,1
5943,2
5944,0
5945,1
5946,3
5947,0
5948,1
5949,3
5950,3
5951,3
5952,1
5953,4
5954,1
5955,1
5956,1
5957,1
5958,3
5959,3
5960,3
5961,2
5962,2
5963,3
5964,4
5965,4
5966,2
5967,0
5968,2
5969,4
5970,1
5971,3
5972,4
5973,3
5974,3
5975,4
5976,1
5977,1
5978,0
5979,0
5980,2
5981,3
5982,2
5983,3
5984,3
5985,3
5986,2
5987,3
5988,2
5989,0
5990,0
5991,1
5992,3
5993,4
5994,2
5995,0
5996,1
5997,1
5998,1
5999,1
6000,2
6001,4
6002,4
6003,4
6004,4
6005,0
6006,3
6007,3
6008,1
6009,2
6010,3
6011,3
6012,4
6013,1
6014,2
6015,1
6016,3
6017,1
6018,2
6019,1
6020,4
6021,1
6022,1
6023,3
6024,3
6025,0
6026,0
6027,4
6028,2
6029,3
6030,4
6031,4
6032,3
6033,2
6034,2
6035,4
6036,2
6037,3
6038,4
6039,4
6040,1
6041,2
6042,4
6043,0
6044,1
6045,2
6046,4
6047,3
6048,3
6049,1
6050,1
6051,4
6052,0
6053,4
6054,3
6055,4
6056,4
6057,1
6058,0
6059,3
6060,0
6061,2
6062,3
6063,4
6064,0
6065,1
6066,1
6067,4
6068,2
6069,1
6070,1
6071,0
6072,2
6073,3
6074,1
6075,1
6076,3
6077,4
6078,1
6079,4
6080,4
6081,4
6082,2
6083,3
6084,3
6085,3
6086,1
6087,1
6088,0
6089,4
6090,1
6091,3
6092,4
6093,1
6094,2
6095,1
6096,1
6097,2
6098,1
6099,4
6100,1
6101,3
6102,1
6103,1
6104,2
6105,3
6106,1
6107,0
6108,0
6109,0
6110,2
6111,3
6112,0
6113,0
6114,0
6115,1
6116,0
6117,3
6118,4
6119,3
6120,4
6121,1
6122,3
6123,2
6124,3
6125,3
6126,3
6127,1
6128,3
6129,3
6130,2
6131,3
6132,2
6133,3
6134,2
6135,3
6136,4
6137,2
6138,3
6139,2
6140,3
6141,2
6142,0
6143,0
6144,2
6145,0
6146,3
6147,1
6148,0
6149,3
6150,1
6151,3
6152,4
6153,3
6154,0
6155,3
6156,3
6157,4
6158,1
6159,0
6160,1
6161,0
6162,4
6163,2
6164,1
6165,1
6166,1
6167,2
6168,4
6169,2
6170,4
6171,3
6172,4
6173,3
6174,3
6175,1
6176,2
6177,3
6178,0
6179,2
6180,4
6181,3
6182,0
6183,4
6184,4
6185,4
6186,3
6187,3
6188,4
6189,4
6190,2
6191,4
6192,3
6193,0
6194,3
6195,0
6196,1
6197,3
6198,3
6199,2
6200,4
6201,4
6202,4
6203,3
6204,2
6205,4
6206,1
6207,3
6208,3
6209,3
6210,2
6211,2
6212,3
6213,4
6214,4
6215,1
6216,4
6217,1
6218,1
6219,1
6220,0
6221,3
6222,3
6223,1
6224,4
6225,4
6226,3
6227,3
6228,2
6229,3
6230,0
6231,3
6232,3
6233,0
6234,2
6235,4
6236,3
6237,0
6238,1
6239,0
6240,3
6241,4
6242,1
6243,1
6244,2
6245,3
6246,0
6247,0
6248,2
6249,4
6250,2
6251,0
6252,2
6253,3
6254,0
6255,3
6256,1
6257,1
6258,3
6259,0
6260,2
6261,2
6262,2
6263,4
6264,2
6265,2
6266,1
6267,0
6268,1
6269,2
6270,1
6271,3
6272,1
6273,0
6274,2
6275,4
6276,2
6277,4
6278,0
6279,3
6280,4
6281,1
6282,1
6283,4
6284,2
6285,1
6286,3
6287,1
6288,2
6289,0
6290,3
6291,1
6292,2
6293,1
6294,1
6295,3
6296,3
6297,0
6298,1
6299,3
6300,2
6301,4
6302,2
6303,3
6304,4
6305,1
6306,0
6307,3
6308,3
6309,3
6310,3
6311,1
6312,0
6313,3
6314,4
6315,4
6316,1
6317,1
6318,1
6319,1
6320,0
6321,2
6322,3
6323,4
6324,0
6325,1
6326,1
6327,3
6328,3
6329,1
6330,0
6331,1
6332,0
6333,0
6334,1
6335,4
6336,3
6337,2
6338,0
6339,3
6340,4
6341,3
6342,2
6343,2
6344,4
6345,0
6346,3
6347,3
6348,4
6349,3
6350,1
6351,0
6352,1
6353,2
6354,2
6355,1
6356,0
6357,1
6358,4
6359,2
6360,2
6361,0
6362,3
6363,1
6364,1
6365,3
6366,0
6367,0
6368,2
6369,3
6370,3
6371,1
6372,1
6373,4
6374,4
6375,3
6376,1
6377,1
6378,0
6379,3
6380,3
6381,4
6382,3
6383,3
6384,0
6385,3
6386,1
6387,1
6388,3
6389,2
6390,4
6391,4
6392,3
6393,4
6394,2
6395,1
6396,1
6397,4
6398,1
6399,0
6400,4
6401,3
6402,0
6403,0
6404,3
6405,2
6406,1
6407,4
6408,2
6409,0
6410,1
6411,2
6412,1
6413,2
6414,3
6415,1
6416,4
6417,1
6418,1
6419,4
6420,1
6421,3
6422,4
6423,2
6424,1
6425,4
6426,4
6427,4
6428,3
6429,0
6430,4
6431,2
6432,4
6433,1
6434,0
6435,2
6436,1
6437,1
6438,4
6439,4
6440,1
6441,1
6442,3
6443,1
6444,4
6445,1
6446,0
6447,2
6448,3
6449,1
6450,2
6451,3
6452,4
6453,2
6454,3
6455,0
6456,1
6457,1
6458,3
6459,3
6460,2
6461,1
6462,1
6463,4
6464,1
6465,2
6466,2
6467,3
6468,1
6469,2
6470,1
6471,1
6472,0
6473,1
6474,4
6475,3
6476,1
6477,2
6478,4
6479,1
6480,1
6481,0
6482,1
6483,3
6484,4
6485,1
6486,0
6487,2
6488,2
6489,1
6490,3
6491,3
6492,2
6493,1
6494,3
6495,2
6496,0
6497,3
6498,4
6499,3
6500,4
6501,1
6502,3
6503,1
6504,0
6505,3
6506,0
6507,2
6508,1
6509,1
6510,3
6511,3
6512,1
6513,2
6514,2
6515,1
6516,4
6517,2
6518,1
6519,2
6520,2
6521,3
6522,3
6523,2
6524,4
6525,0
6526,4
6527,4
6528,4
6529,3
6530,1
6531,3
6532,2
6533,1
6534,4
6535,4
6536,2
6537,3
6538,2
6539,0
6540,4
6541,3
6542,2
6543,0
6544,4
6545,3
6546,1
6547,0
6548,0
6549,4
6550,4
6551,3
6552,1
6553,1
6554,3
6555,3
6556,3
6557,4
6558,2
6559,3
6560,1
6561,3
6562,3
6563,1
6564,1
6565,2
6566,0
6567,3
6568,3
6569,3
6570,4
6571,1
6572,2
6573,1
6574,3
6575,3
6576,4
6577,2
6578,1
6579,3
6580,1
6581,3
6582,2
6583,0
6584,0
6585,1
6586,3
6587,0
6588,4
6589,2
6590,4
6591,3
6592,4
6593,1
6594,1
6595,3
6596,1
6597,3
6598,3
6599,4
6600,2
6601,2
6602,4
6603,3
6604,1
6605,4
6606,4
6607,1
6608,2
6609,3
6610,0
6611,3
6612,3
6613,4
6614,3
6615,1
6616,1
6617,0
6618,2
6619,3
6620,4
6621,0
6622,1
6623,3
6624,1
6625,2
6626,1
6627,0
6628,1
6629,2
6630,4
6631,3
6632,0
6633,4
6634,0
6635,3
6636,4
6637,3
6638,4
6639,2
6640,2
6641,4
6642,3
6643,4
6644,3
6645,1
6646,1
6647,0
6648,2
6649,1
6650,3
6651,2
6652,2
6653,4
6654,4
6655,3
6656,1
6657,0
6658,4
6659,3
6660,0
6661,0
6662,3
6663,4
6664,3
6665,3
6666,3
6667,2
6668,3
6669,3
6670,3
6671,1
6672,4
6673,1
6674,3
6675,1
6676,2
6677,4
6678,1
6679,3
6680,2
6681,2
6682,0
6683,1
6684,1
6685,1
6686,3
6687,3
6688,1
6689,1
6690,2
6691,1
6692,4
6693,3
6694,1
6695,1
6696,3
6697,0
6698,2
6699,3
6700,3
6701,0
6702,4
6703,4
6704,1
6705,1
6706,1
6707,0
6708,0
6709,3
6710,1
6711,1
6712,1
6713,3
6714,2
6715,3
6716,4
6717,4
6718,3
6719,3
6720,4
6721,3
6722,3
6723,3
6724,1
6725,4
6726,4
6727,3
6728,0
6729,4
6730,1
6731,0
6732,3
6733,3
6734,3
6735,3
6736,0
6737,3
6738,3
6739,4
6740,0
6741,4
6742,3
6743,1
6744,4
6745,4
6746,0
6747,4
6748,0
6749,4
6750,1
6751,1
6752,3
6753,3
6754,4
6755,4
6756,3
6757,0
6758,2
6759,3
6760,1
6761,0
6762,2
6763,1
6764,1
6765,3
6766,4
6767,4
6768,3
6769,1
6770,1
6771,2
6772,0
6773,3
6774,2
6775,1
6776,2
6777,1
6778,1
6779,3
6780,3
6781,4
6782,2
6783,3
6784,1
6785,2
6786,4
6787,0
6788,0
6789,2
6790,2
6791,4
6792,3
6793,1
6794,3
6795,2
6796,1
6797,4
6798,4
6799,1
6800,0
6801,3
6802,4
6803,0
6804,1
6805,3
6806,4
6807,3
6808,4
6809,3
6810,2
6811,2
6812,3
6813,1
6814,3
6815,3
6816,2
6817,0
6818,3
6819,1
6820,3
6821,3
6822,4
6823,1
6824,0
6825,3
6826,0
6827,4
6828,3
6829,1
6830,1
6831,3
6832,2
6833,2
6834,2
6835,1
6836,3
6837,4
6838,3
6839,1
6840,3
6841,1
6842,2
6843,0
6844,3
6845,0
6846,2
6847,3
6848,4
6849,3
6850,3
6851,1
6852,1
6853,0
6854,1
6855,4
6856,3
6857,2
6858,1
6859,1
6860,3
6861,3
6862,2
6863,4
6864,4
6865,1
6866,3
6867,4
6868,4
6869,3
6870,2
6871,4
6872,1
6873,3
6874,0
6875,3
6876,4
6877,2
6878,4
6879,4
6880,1
6881,1
6882,4
6883,4
6884,2
6885,3
6886,1
6887,0
6888,4
6889,0
6890,2
6891,4
6892,4
6893,4
6894,1
6895,1
6896,3
6897,4
6898,2
6899,4
6900,3
6901,4
6902,1
6903,2
6904,2
6905,2
6906,1
6907,1
6908,4
6909,4
6910,4
6911,2
6912,1
6913,3
6914,0
6915,0
6916,4
6917,0
6918,3
6919,0
6920,2
6921,2
6922,3
6923,3
6924,2
6925,3
6926,0
6927,3
6928,3
6929,3
6930,4
6931,1
6932,3
6933,3
6934,2
6935,4
6936,1
6937,0
6938,3
6939,3
6940,3
6941,1
6942,2
6943,2
6944,1
6945,4
6946,2
6947,1
6948,2
6949,1
6950,2
6951,3
6952,4
6953,3
6954,1
6955,2
6956,4
6957,3
6958,4
6959,4
6960,3
6961,1
6962,2
6963,0
6964,3
6965,4
6966,2
6967,0
6968,1
6969,1
6970,3
6971,3
6972,4
6973,1
6974,3
6975,3
6976,2
6977,2
6978,3
6979,3
6980,4
6981,4
6982,4
6983,2
6984,4
6985,4
6986,3
6987,0
6988,4
6989,1
6990,1
6991,2
6992,3
6993,2
6994,3
6995,1
6996,2
6997,0
6998,1
6999,1
7000,3
7001,4
7002,3
7003,1
7004,1
7005,4
7006,2
7007,0
7008,3
7009,0
7010,0
7011,4
7012,0
7013,2
7014,0
7015,4
7016,0
7017,2
7018,4
7019,4
7020,1
7021,1
7022,2
7023,3
7024,3
7025,3
7026,1
7027,1
7028,1
7029,2
7030,2
7031,4
7032,2
7033,3
7034,0
7035,4
7036,0
7037,3
7038,1
7039,1
7040,3
7041,2
7042,1
7043,3
7044,4
7045,0
7046,1
7047,1
7048,4
7049,1
7050,4
7051,2
7052,2
7053,2
7054,3
7055,3
7056,3
7057,3
7058,0
7059,1
7060,3
7061,4
7062,4
7063,3
7064,2
7065,2
7066,4
7067,3
7068,0
7069,1
7070,2
7071,1
7072,1
7073,3
7074,4
7075,2
7076,0
7077,0
7078,3
7079,1
7080,1
7081,4
7082,1
7083,0
7084,4
7085,4
7086,3
7087,2
7088,4
7089,4
7090,3
7091,4
7092,0
7093,2
7094,3
7095,3
7096,1
7097,4
7098,2
7099,0
7100,2
7101,3
7102,2
7103,2
7104,4
7105,4
7106,1
7107,3
7108,1
7109,2
7110,0
7111,3
7112,3
7113,2
7114,1
7115,0
7116,3
7117,1
7118,3
7119,4
7120,0
7121,3
7122,3
7123,1
7124,4
7125,3
7126,1
7127,1
7128,1
7129,3
7130,0
7131,1
7132,3
7133,0
7134,2
7135,2
7136,2
7137,1
7138,0
7139,1
7140,1
7141,4
7142,2
7143,4
7144,1
7145,4
7146,4
7147,2
7148,4
7149,1
7150,0
7151,1
7152,1
7153,2
7154,1
7155,4
7156,4
7157,4
7158,4
7159,4
7160,1
7161,2
7162,0
7163,0
7164,3
7165,4
7166,1
7167,4
7168,4
7169,1
7170,0
7171,2
7172,1
7173,1
7174,1
7175,3
7176,3
7177,1
7178,2
7179,3
7180,4
7181,4
7182,3
7183,4
7184,1
7185,0
7186,1
7187,2
7188,3
7189,1
7190,1
7191,4
7192,4
7193,3
7194,4
7195,3
7196,0
7197,4
7198,4
7199,0
7200,4
7201,1
7202,4
7203,3
7204,4
7205,2
7206,2
7207,3
7208,1
7209,4
7210,4
7211,1
7212,3
7213,0
7214,0
7215,3
7216,2
7217,1
7218,4
7219,1
7220,2
7221,3
7222,3
7223,2
7224,1
7225,0
7226,4
7227,1
7228,0
7229,0
7230,4
7231,1
7232,2
7233,4
7234,1
7235,3
7236,3
7237,2
7238,1
7239,2
7240,2
7241,4
7242,4
7243,1
7244,0
7245,3
7246,2
7247,0
7248,3
7249,4
7250,4
7251,4
7252,4
7253,3
7254,3
7255,1
7256,2
7257,3
7258,3
7259,3
7260,4
7261,2
7262,3
7263,0
7264,4
7265,3
7266,2
7267,1
7268,3
7269,0
7270,2
7271,2
7272,0
7273,3
7274,2
7275,0
7276,0
7277,1
7278,0
7279,1
7280,4
7281,3
7282,3
7283,2
7284,1
7285,2
7286,1
7287,2
7288,3
7289,2
7290,4
7291,2
7292,2
7293,2
7294,1
7295,1
7296,3
7297,0
7298,1
7299,2
7300,1
7301,1
7302,1
7303,2
7304,4
7305,3
7306,3
7307,3
7308,4
7309,4
7310,4
7311,2
7312,1
7313,4
7314,4
7315,1
7316,1
7317,2
7318,4
7319,3
7320,3
7321,4
7322,4
7323,3
7324,4
7325,4
7326,2
7327,4
7328,3
7329,0
7330,0
7331,3
7332,1
7333,3
7334,4
7335,3
7336,0
7337,4
7338,1
7339,1
7340,3
7341,0
7342,1
7343,3
7344,4
7345,4
7346,0
7347,3
7348,2
7349,0
7350,0
7351,0
7352,2
7353,2
7354,2
7355,4
7356,1
7357,3
7358,3
7359,1
7360,4
7361,4
7362,3
7363,3
7364,2
7365,1
7366,2
7367,3
7368,1
7369,4
7370,3
7371,1
7372,4
7373,0
7374,3
7375,4
7376,0
7377,1
7378,2
7379,2
7380,3
7381,2
7382,1
7383,0
7384,4
7385,1
7386,3
7387,4
7388,4
7389,1
7390,1
7391,2
7392,1
7393,3
7394,2
7395,0
7396,3
7397,3
7398,3
7399,1
7400,4
7401,3
7402,4
7403,2
7404,2
7405,3
7406,2
7407,4
7408,3
7409,0
7410,1
7411,2
7412,3
7413,3
7414,1
7415,4
7416,4
7417,4
7418,1
7419,3
7420,3
7421,1
7422,0
7423,4
7424,4
7425,0
7426,4
7427,4
7428,1
7429,3
7430,0
7431,2
7432,1
7433,4
7434,2
7435,3
7436,2
7437,4
7438,1
7439,3
7440,0
7441,2
7442,2
7443,1
7444,4
7445,1
7446,0
7447,4
7448,3
7449,1
7450,0
7451,3
7452,2
7453,2
7454,3
7455,1
7456,4
7457,1
7458,3
7459,0
7460,3
7461,3
7462,4
7463,4
7464,4
7465,1
7466,4
7467,4
7468,2
7469,3
7470,1
7471,3
7472,1
7473,3
7474,1
7475,2
7476,4
7477,1
7478,4
7479,0
7480,4
7481,1
7482,4
7483,0
7484,0
7485,2
7486,2
7487,1
7488,4
7489,2
7490,3
7491,3
7492,1
7493,1
7494,1
7495,1
7496,3
7497,2
7498,1
7499,3
7500,1
7501,2
7502,1
7503,0
7504,3
7505,1
7506,0
7507,4
7508,0
7509,2
7510,4
7511,1
7512,0
7513,3
7514,2
7515,0
7516,4
7517,3
7518,0
7519,4
7520,2
7521,4
7522,2
7523,1
7524,2
7525,1
7526,1
7527,0
7528,0
7529,1
7530,4
7531,2
7532,2
7533,1
7534,0
7535,1
7536,2
7537,0
7538,1
7539,4
7540,1
7541,1
7542,2
7543,0
7544,3
7545,3
7546,1
7547,3
7548,4
7549,4
7550,3
7551,1
7552,1
7553,4
7554,0
7555,1
7556,2
7557,4
7558,0
7559,3
7560,2
7561,4
7562,4
7563,4
7564,1
7565,1
7566,3
7567,2
7568,1
7569,1
7570,2
7571,4
7572,3
7573,3
7574,0
7575,0
7576,1
7577,2
7578,3
7579,3
7580,2
7581,0
7582,3
7583,4
7584,1
7585,4
7586,4
7587,3
7588,0
7589,1
7590,3
7591,4
7592,1
7593,1
7594,2
7595,3
7596,3
7597,2
7598,3
7599,2
7600,1
7601,3
7602,1
7603,3
7604,0
7605,0
7606,3
7607,1
7608,2
7609,1
7610,1
7611,4
7612,3
7613,3
7614,2
7615,3
7616,0
7617,4
7618,1
7619,4
7620,3
7621,3
7622,0
7623,3
7624,3
7625,2
7626,4
7627,3
7628,1
7629,3
7630,1
7631,2
7632,2
7633,3
7634,2
7635,2
7636,3
7637,3
7638,2
7639,0
7640,3
7641,1
7642,4
7643,1
7644,2
7645,1
7646,2
7647,1
7648,4
7649,2
7650,4
7651,4
7652,3
7653,3
7654,4
7655,1
7656,2
7657,4
7658,4
7659,2
7660,0
7661,2
7662,4
7663,3
7664,0
7665,1
7666,3
7667,1
7668,0
7669,2
7670,4
7671,3
7672,1
7673,0
7674,3
7675,0
7676,2
7677,0
7678,2
7679,2
7680,2
7681,3
7682,1
7683,3
7684,2
7685,4
7686,1
7687,1
7688,3
7689,1
7690,1
7691,3
7692,3
7693,1
7694,0
7695,2
7696,4
7697,1
7698,4
7699,3
7700,3
7701,2
7702,4
7703,4
7704,4
7705,1
7706,4
7707,1
7708,3
7709,1
7710,1
7711,2
7712,1
7713,1
7714,2
7715,2
7716,4
7717,1
7718,3
7719,4
7720,4
7721,0
7722,3
7723,1
7724,1
7725,4
7726,0
7727,3
7728,3
7729,1
7730,1
7731,1
7732,3
7733,4
7734,1
7735,3
7736,3
7737,0
7738,4
7739,2
7740,1
7741,3
7742,0
7743,2
7744,2
7745,1
7746,0
7747,2
7748,3
7749,1
7750,4
7751,1
7752,1
7753,1
7754,2
7755,4
7756,0
7757,1
7758,4
7759,3
7760,0
7761,2
7762,1
7763,3
7764,4
7765,1
7766,3
7767,2
7768,1
7769,1
7770,1
7771,4
7772,3
7773,1
7774,3
7775,1
7776,2
7777,1
7778,3
7779,4
7780,3
7781,4
7782,1
7783,2
7784,4
7785,3
7786,3
7787,3
7788,4
7789,3
7790,2
7791,1
7792,3
7793,4
7794,4
7795,0
7796,3
7797,4
7798,2
7799,0
7800,3
7801,2
7802,4
7803,2
7804,1
7805,1
7806,3
7807,3
7808,1
7809,1
7810,1
7811,0
7812,2
7813,0
7814,3
7815,2
7816,3
7817,4
7818,1
7819,3
7820,1
7821,2
7822,4
7823,3
7824,2
7825,0
7826,4
7827,3
7828,4
7829,2
7830,1
7831,0
7832,1
7833,3
7834,3
7835,2
7836,1
7837,3
7838,1
7839,3
7840,1
7841,1
7842,0
7843,2
7844,0
7845,2
7846,3
7847,3
7848,1
7849,3
7850,2
7851,3
7852,4
7853,0
7854,4
7855,1
7856,2
7857,3
7858,4
7859,0
7860,3
7861,0
7862,2
7863,4
7864,1
7865,0
7866,0
7867,2
7868,3
7869,2
7870,1
7871,2
7872,3
7873,2
7874,0
7875,0
7876,0
7877,0
7878,0
7879,3
7880,3
7881,0
7882,4
7883,4
7884,2
7885,2
7886,2
7887,2
7888,3
7889,4
7890,2
7891,2
7892,4
7893,4
7894,0
7895,3
7896,3
7897,1
7898,3
7899,1
7900,3
7901,4
7902,2
7903,4
7904,3
7905,3
7906,0
7907,3
7908,1
7909,4
7910,2
7911,4
7912,3
7913,0
7914,1
7915,1
7916,0
7917,0
7918,1
7919,2
7920,2
7921,1
7922,3
7923,2
7924,4
7925,4
7926,4
7927,1
7928,3
7929,0
7930,1
7931,3
7932,1
7933,3
7934,1
7935,4
7936,1
7937,0
7938,4
7939,3
7940,3
7941,0
7942,1
7943,3
7944,3
7945,1
7946,0
7947,1
7948,2
7949,1
7950,1
7951,4
7952,2
7953,0
7954,1
7955,0
7956,3
7957,4
7958,1
7959,4
7960,2
7961,1
7962,0
7963,3
7964,3
7965,4
7966,2
7967,4
7968,4
7969,2
7970,3
7971,3
7972,1
7973,1
7974,1
7975,2
7976,3
7977,1
7978,4
7979,1
7980,0
7981,2
7982,0
7983,3
7984,4
7985,4
7986,4
7987,4
7988,3
7989,2
7990,1
7991,2
7992,2
7993,0
7994,1
7995,3
7996,1
7997,1
7998,3
7999,0
8000,4
8001,4
8002,4
8003,1
8004,2
8005,3
8006,4
8007,4
8008,3
8009,4
8010,1
8011,3
8012,3
8013,3
8014,1
8015,1
8016,3
8017,1
8018,2
8019,3
8020,0
8021,0
8022,2
8023,0
8024,1
8025,0
8026,3
8027,0
8028,0
8029,0
8030,4
8031,2
8032,3
8033,1
8034,2
8035,3
8036,0
8037,1
8038,1
8039,2
8040,1
8041,1
8042,1
8043,4
8044,1
8045,2
8046,3
8047,0
8048,1
8049,3
8050,0
8051,4
8052,2
8053,3
8054,4
8055,0
8056,1
8057,1
8058,2
8059,4
8060,1
8061,0
8062,3
8063,3
8064,1
8065,0
8066,0
8067,1
8068,2
8069,1
8070,1
8071,4
8072,2
8073,4
8074,1
8075,4
8076,1
8077,3
8078,3
8079,4
8080,4
8081,2
8082,4
8083,1
8084,2
8085,4
8086,0
8087,3
8088,3
8089,0
8090,1
8091,2
8092,0
8093,1
8094,3
8095,2
8096,4
8097,2
8098,3
8099,0
8100,2
8101,3
8102,3
8103,2
8104,3
8105,4
8106,4
8107,3
8108,2
8109,1
8110,1
8111,1
8112,3
8113,3
8114,2
8115,4
8116,4
8117,4
8118,0
8119,0
8120,1
8121,2
8122,3
8123,0
8124,3
8125,3
8126,0
8127,2
8128,2
8129,4
8130,2
8131,1
8132,1
8133,4
8134,4
8135,4
8136,4
8137,4
8138,1
8139,0
8140,2
8141,2
8142,3
8143,0
8144,0
8145,2
8146,1
8147,1
8148,2
8149,3
8150,2
8151,3
8152,4
8153,2
8154,3
8155,4
8156,1
8157,2
8158,3
8159,2
8160,0
8161,2
8162,4
8163,4
8164,4
8165,1
8166,0
8167,4
8168,4
8169,3
8170,4
8171,3
8172,1
8173,1
8174,1
8175,0
8176,3
8177,0
8178,3
8179,1
8180,1
8181,3
8182,4
8183,3
8184,4
8185,2
8186,2
8187,1
8188,2
8189,4
8190,0
8191,2
8192,3
8193,3
8194,0
8195,3
8196,3
8197,3
8198,0
8199,3
8200,0
8201,0
8202,3
8203,4
8204,0
8205,0
8206,3
8207,2
8208,4
8209,1
8210,1
8211,2
8212,0
8213,3
8214,1
8215,4
8216,0
8217,4
8218,3
8219,4
8220,0
8221,3
8222,2
8223,2
8224,0
8225,1
8226,1
8227,3
8228,1
8229,3
8230,4
8231,4
8232,1
8233,1
8234,4
8235,4
8236,1
8237,0
8238,2
8239,2
8240,4
8241,3
8242,3
8243,1
8244,0
8245,3
8246,0
8247,1
8248,1
8249,3
8250,4
8251,3
8252,4
8253,4
8254,0
8255,0
8256,1
8257,1
8258,3
8259,4
8260,4
8261,1
8262,1
8263,4
8264,0
8265,3
8266,2
8267,3
8268,4
8269,2
8270,2
8271,1
8272,4
8273,1
8274,3
8275,0
8276,2
8277,2
8278,1
8279,2
8280,3
8281,4
8282,1
8283,2
8284,1
8285,4
8286,0
8287,2
8288,4
8289,2
8290,1
8291,4
8292,3
8293,0
8294,1
8295,1
8296,1
8297,1
8298,3
8299,3
8300,3
8301,3
8302,4
8303,0
8304,4
8305,3
8306,1
8307,3
8308,0
8309,4
8310,2
8311,2
8312,2
8313,3
8314,1
8315,3
8316,3
8317,0
8318,1
8319,4
8320,1
8321,1
8322,2
8323,1
8324,3
8325,1
8326,3
8327,1
8328,0
8329,3
8330,3
8331,0
8332,2
8333,4
8334,1
8335,4
8336,1
8337,3
8338,3
8339,3
8340,3
8341,2
8342,2
8343,0
8344,2
8345,1
8346,0
8347,2
8348,2
8349,1
8350,2
8351,4
8352,3
8353,0
8354,4
8355,4
8356,2
8357,4
8358,0
8359,3
8360,3
8361,3
8362,3
8363,3
8364,4
8365,0
8366,1
8367,2
8368,2
8369,1
8370,0
8371,1
8372,2
8373,3
8374,0
8375,2
8376,4
8377,1
8378,4
8379,4
8380,4
8381,1
8382,2
8383,1
8384,0
8385,2
8386,4
8387,1
8388,2
8389,0
8390,1
8391,1
8392,1
8393,4
8394,2
8395,3
8396,4
8397,4
8398,2
8399,4
8400,3
8401,4
8402,2
8403,1
8404,3
8405,0
8406,1
8407,3
8408,4
8409,1
8410,2
8411,0
8412,0
8413,3
8414,4
8415,3
8416,2
8417,4
8418,4
8419,1
8420,0
8421,4
8422,2
8423,0
8424,3
8425,2
8426,4
8427,3
8428,3
8429,3
8430,3
8431,4
8432,1
8433,3
8434,1
8435,2
8436,3
8437,0
8438,0
8439,4
8440,1
8441,1
8442,2
8443,4
8444,4
8445,1
8446,4
8447,2
8448,1
8449,4
8450,0
8451,2
8452,3
8453,1
8454,4
8455,2
8456,2
8457,1
8458,4
8459,1
8460,1
8461,4
8462,4
8463,2
8464,3
8465,1
8466,2
8467,1
8468,1
8469,1
8470,4
8471,2
8472,0
8473,1
8474,1
8475,0
8476,0
8477,0
8478,3
8479,0
8480,4
8481,0
8482,2
8483,1
8484,0
8485,4
8486,0
8487,3
8488,2
8489,3
8490,2
8491,1
8492,4
8493,0
8494,2
8495,0
8496,2
8497,4
8498,2
8499,2
8500,4
8501,3
8502,3
8503,3
8504,2
8505,1
8506,1
8507,2
8508,0
8509,3
8510,2
8511,2
8512,0
8513,3
8514,3
8515,0
8516,3
8517,1
8518,3
8519,4
8520,0
8521,0
8522,3
8523,3
8524,3
8525,1
8526,3
8527,2
8528,1
8529,1
8530,4
8531,3
8532,3
8533,3
8534,2
8535,1
8536,3
8537,0
8538,2
8539,2
8540,1
8541,3
8542,1
8543,1
8544,3
8545,1
8546,2
8547,3
8548,1
8549,4
8550,4
8551,1
8552,1
8553,3
8554,3
8555,4
8556,1
8557,0
8558,0
8559,0
8560,3
8561,0
8562,2
8563,4
8564,2
8565,3
8566,0
8567,0
8568,4
8569,1
8570,0
8571,2
8572,4
8573,1
8574,4
8575,4
8576,4
8577,4
8578,2
8579,1
8580,3
8581,3
8582,1
8583,0
8584,1
8585,3
8586,1
8587,0
8588,2
8589,4
8590,1
8591,2
8592,1
8593,2
8594,1
8595,1
8596,4
8597,4
8598,2
8599,3
8600,3
8601,1
8602,4
8603,3
8604,1
8605,1
8606,1
8607,1
8608,2
8609,1
8610,4
8611,2
8612,3
8613,0
8614,4
8615,1
8616,4
8617,1
8618,0
8619,4
8620,1
8621,1
8622,3
8623,3
8624,4
8625,2
8626,0
8627,3
8628,1
8629,3
8630,1
8631,4
8632,2
8633,3
8634,3
8635,1
8636,4
8637,1
8638,3
8639,4
8640,3
8641,0
8642,0
8643,4
8644,4
8645,0
8646,4
8647,1
8648,1
8649,3
8650,3
8651,4
8652,3
8653,1
8654,4
8655,4
8656,0
8657,1
8658,3
8659,4
8660,2
8661,2
8662,2
8663,3
8664,1
8665,2
8666,1
8667,0
8668,0
8669,0
8670,4
8671,1
8672,0
8673,3
8674,1
8675,3
8676,3
8677,0
8678,4
8679,4
8680,3
8681,0
8682,0
8683,3
8684,2
8685,2
8686,1
8687,2
8688,3
8689,3
8690,3
8691,2
8692,4
8693,4
8694,0
8695,1
8696,3
8697,3
8698,1
8699,2
8700,4
8701,3
8702,4
8703,4
8704,2
8705,3
8706,4
8707,1
8708,3
8709,1
8710,3
8711,0
8712,0
8713,4
8714,4
8715,3
8716,3
8717,4
8718,3
8719,1
8720,4
8721,3
8722,0
8723,3
8724,3
8725,2
8726,1
8727,1
8728,3
8729,2
8730,3
8731,3
8732,4
8733,3
8734,3
8735,3
8736,0
8737,2
8738,0
8739,0
8740,3
8741,1
8742,3
8743,4
8744,4
8745,1
8746,3
8747,4
8748,1
8749,1
8750,1
8751,1
8752,3
8753,4
8754,2
8755,2
8756,4
8757,3
8758,3
8759,1
8760,1
8761,2
8762,2
8763,2
8764,3
8765,3
8766,4
8767,2
8768,3
8769,3
8770,4
8771,2
8772,0
8773,4
8774,0
8775,3
8776,1
8777,4
8778,2
8779,1
8780,2
8781,1
8782,2
8783,1
8784,3
8785,0
8786,2
8787,2
8788,4
8789,2
8790,1
8791,2
8792,3
8793,1
8794,4
8795,4
8796,4
8797,1
8798,3
8799,0
8800,4
8801,3
8802,1
8803,0
8804,3
8805,0
8806,2
8807,2
8808,2
8809,2
8810,0
8811,3
8812,2
8813,4
8814,3
8815,1
8816,1
8817,2
8818,4
8819,2
8820,2
8821,3
8822,3
8823,2
8824,1
8825,1
8826,2
8827,4
8828,2
8829,3
8830,0
8831,2
8832,1
8833,1
8834,1
8835,3
8836,0
8837,2
8838,1
8839,0
8840,2
8841,3
8842,3
8843,4
8844,1
8845,2
8846,2
8847,4
8848,2
8849,0
8850,1
8851,0
8852,2
8853,4
8854,2
8855,1
8856,1
8857,2
8858,4
8859,3
8860,2
8861,4
8862,4
8863,1
8864,3
8865,4
8866,4
8867,3
8868,0
8869,1
8870,0
8871,3
8872,4
8873,2
8874,2
8875,3
8876,3
8877,4
8878,4
8879,3
8880,1
8881,1
8882,2
8883,4
8884,1
8885,3
8886,3
8887,1
8888,2
8889,3
8890,3
8891,4
8892,1
8893,3
8894,1
8895,1
8896,1
8897,2
8898,1
8899,0
8900,0
8901,1
8902,4
8903,1
8904,4
8905,4
8906,1
8907,3
8908,2
8909,3
8910,0
8911,4
8912,3
8913,3
8914,4
8915,1
8916,0
8917,1
8918,0
8919,0
8920,0
8921,2
8922,1
8923,1
8924,3
8925,4
8926,4
8927,1
8928,1
8929,4
8930,2
8931,1
8932,3
8933,0
8934,1
8935,4
8936,2
8937,3
8938,2
8939,1
8940,4
8941,3
8942,3
8943,2
8944,2
8945,1
8946,1
8947,3
8948,4
8949,3
8950,0
8951,3
8952,2
8953,3
8954,4
8955,3
8956,3
8957,0
8958,4
8959,3
8960,3
8961,1
8962,4
8963,1
8964,0
8965,0
8966,3
8967,1
8968,1
8969,1
8970,4
8971,4
8972,3
8973,4
8974,4
8975,0
8976,3
8977,3
8978,3
8979,2
8980,0
8981,2
8982,0
8983,4
8984,1
8985,1
8986,1
8987,3
8988,2
8989,3
8990,3
8991,3
8992,0
8993,1
8994,1
8995,1
8996,4
8997,0
8998,1
8999,0
9000,3
9001,4
9002,1
9003,3
9004,1
9005,3
9006,2
9007,3
9008,4
9009,0
9010,2
9011,2
9012,3
9013,4
9014,4
9015,4
9016,3
9017,0
9018,4
9019,1
9020,2
9021,1
9022,4
9023,1
9024,1
9025,2
9026,0
9027,3
9028,0
9029,3
9030,1
9031,4
9032,4
9033,0
9034,1
9035,1
9036,4
9037,4
9038,4
9039,1
9040,2
9041,2
9042,4
9043,1
9044,0
9045,3
9046,1
9047,4
9048,3
9049,1
9050,1
9051,4
9052,3
9053,0
9054,4
9055,2
9056,3
9057,0
9058,3
9059,2
9060,2
9061,3
9062,1
9063,2
9064,2
9065,3
9066,2
9067,1
9068,3
9069,0
9070,1
9071,4
9072,2
9073,3
9074,1
9075,4
9076,0
9077,4
9078,0
9079,3
9080,0
9081,2
9082,3
9083,1
9084,3
9085,1
9086,4
9087,2
9088,0
9089,4
9090,1
9091,3
9092,4
9093,4
9094,4
9095,1
9096,1
9097,3
9098,1
9099,1
9100,4
9101,1
9102,2
9103,4
9104,2
9105,2
9106,2
9107,1
9108,3
9109,0
9110,3
9111,3
9112,4
9113,1
9114,4
9115,3
9116,0
9117,3
9118,3
9119,0
9120,0
9121,3
9122,4
9123,4
9124,2
9125,1
9126,0
9127,4
9128,3
9129,3
9130,0
9131,0
9132,3
9133,1
9134,1
9135,3
9136,1
9137,2
9138,1
9139,4
9140,3
9141,1
9142,4
9143,3
9144,1
9145,3
9146,1
9147,0
9148,3
9149,1
9150,2
9151,4
9152,0
9153,2
9154,1
9155,2
9156,3
9157,0
9158,1
9159,3
9160,0
9161,1
9162,0
9163,2
9164,0
9165,4
9166,4
9167,3
9168,4
9169,0
9170,2
9171,1
9172,1
9173,3
9174,1
9175,2
9176,2
9177,1
9178,1
9179,0
9180,4
9181,0
9182,3
9183,1
9184,3
9185,0
9186,2
9187,3
9188,1
9189,1
9190,4
9191,2
9192,4
9193,1
9194,3
9195,0
9196,1
9197,4
9198,4
9199,2
9200,1
9201,4
9202,2
9203,4
9204,3
9205,4
9206,4
9207,1
9208,1
9209,1
9210,3
9211,3
9212,3
9213,4
9214,2
9215,1
9216,0
9217,2
9218,3
9219,4
9220,2
9221,0
9222,1
9223,1
9224,0
9225,4
9226,2
9227,4
9228,3
9229,2
9230,4
9231,3
9232,1
9233,3
9234,0
9235,4
9236,3
9237,3
9238,4
9239,1
9240,4
9241,3
9242,2
9243,3
9244,4
9245,2
9246,4
9247,1
9248,1
9249,0
9250,3
9251,3
9252,0
9253,2
9254,4
9255,4
9256,3
9257,3
9258,3
9259,4
9260,0
9261,1
9262,0
9263,3
9264,3
9265,3
9266,1
9267,3
9268,0
9269,4
9270,4
9271,4
9272,1
9273,0
9274,3
9275,1
9276,3
9277,4
9278,4
9279,3
9280,0
9281,1
9282,4
9283,0
9284,4
9285,4
9286,3
9287,2
9288,0
9289,1
9290,0
9291,4
9292,3
9293,0
9294,3
9295,3
9296,4
9297,0
9298,1
9299,4
9300,4
9301,1
9302,0
9303,4
9304,3
9305,0
9306,2
9307,3
9308,4
9309,3
9310,3
9311,4
9312,1
9313,4
9314,3
9315,1
9316,3
9317,1
9318,4
9319,4
9320,0
9321,4
9322,0
9323,3
9324,3
9325,3
9326,0
9327,4
9328,1
9329,3
9330,1
9331,2
9332,0
9333,0
9334,3
9335,0
9336,2
9337,4
9338,0
9339,2
9340,3
9341,4
9342,1
9343,1
9344,2
9345,3
9346,2
9347,3
9348,1
9349,4
9350,0
9351,3
9352,3
9353,1
9354,3
9355,1
9356,0
9357,4
9358,2
9359,3
9360,0
9361,3
9362,0
9363,2
9364,2
9365,3
9366,1
9367,4
9368,1
9369,2
9370,0
9371,2
9372,4
9373,3
9374,3
9375,2
9376,2
9377,1
9378,2
9379,3
9380,1
9381,2
9382,3
9383,2
9384,2
9385,3
9386,3
9387,0
9388,3
9389,0
9390,3
9391,0
9392,4
9393,3
9394,4
9395,3
9396,4
9397,1
9398,1
9399,1
9400,1
9401,3
9402,0
9403,4
9404,1
9405,4
9406,0
9407,4
9408,4
9409,4
9410,1
9411,0
9412,3
9413,3
9414,0
9415,3
9416,1
9417,4
9418,2
9419,2
9420,1
9421,1
9422,2
9423,1
9424,3
9425,4
9426,3
9427,4
9428,4
9429,2
9430,2
9431,3
9432,2
9433,4
9434,0
9435,1
9436,3
9437,3
9438,4
9439,4
9440,1
9441,3
9442,2
9443,1
9444,1
9445,1
9446,0
9447,1
9448,1
9449,4
9450,1
9451,4
9452,0
9453,0
9454,4
9455,4
9456,3
9457,0
9458,3
9459,1
9460,4
9461,3
9462,2
9463,4
9464,0
9465,4
9466,4
9467,1
9468,4
9469,1
9470,2
9471,3
9472,0
9473,3
9474,1
9475,0
9476,1
9477,2
9478,4
9479,2
9480,0
9481,1
9482,2
9483,0
9484,4
9485,2
9486,2
9487,3
9488,2
9489,1
9490,2
9491,2
9492,1
9493,0
9494,2
9495,4
9496,3
9497,1
9498,1
9499,3
9500,3
9501,4
9502,4
9503,4
9504,2
9505,2
9506,2
9507,4
9508,2
9509,0
9510,3
9511,4
9512,2
9513,3
9514,2
9515,2
9516,1
9517,3
9518,4
9519,2
9520,0
9521,4
9522,3
9523,3
9524,4
9525,1
9526,4
9527,2
9528,2
9529,0
9530,1
9531,0
9532,3
9533,1
9534,3
9535,4
9536,3
9537,1
9538,1
9539,2
9540,2
9541,3
9542,4
9543,3
9544,3
9545,1
9546,4
9547,4
9548,1
9549,4
9550,2
9551,1
9552,0
9553,0
9554,0
9555,1
9556,1
9557,3
9558,1
9559,2
9560,4
9561,3
9562,2
9563,1
9564,3
9565,0
9566,1
9567,0
9568,4
9569,1
9570,2
9571,4
9572,2
9573,3
9574,0
9575,1
9576,0
9577,0
9578,1
9579,2
9580,3
9581,2
9582,1
9583,1
9584,3
9585,4
9586,3
9587,0
9588,1
9589,0
9590,2
9591,1
9592,3
9593,2
9594,4
9595,0
9596,0
9597,0
9598,2
9599,1
9600,2
9601,3
9602,1
9603,1
9604,3
9605,1
9606,3
9607,1
9608,2
9609,3
9610,4
9611,1
9612,3
9613,3
9614,2
9615,1
9616,4
9617,1
9618,4
9619,4
9620,1
9621,2
9622,2
9623,0
9624,1
9625,4
9626,3
9627,1
9628,3
9629,3
9630,1
9631,3
9632,1
9633,1
9634,4
9635,3
9636,1
9637,2
9638,3
9639,4
9640,3
9641,2
9642,2
9643,4
9644,2
9645,3
9646,4
9647,2
9648,0
9649,2
9650,1
9651,3
9652,4
9653,4
9654,3
9655,2
9656,4
9657,1
9658,1
9659,1
9660,1
9661,2
9662,4
9663,1
9664,2
9665,3
9666,1
9667,4
9668,1
9669,3
9670,3
9671,4
9672,2
9673,2
9674,3
9675,2
9676,0
9677,0
9678,0
9679,3
9680,4
9681,4
9682,2
9683,1
9684,0
9685,2
9686,4
9687,0
9688,2
9689,1
9690,0
9691,1
9692,4
9693,4
9694,2
9695,3
9696,2
9697,4
9698,1
9699,1
9700,3
9701,0
9702,1
9703,3
9704,2
9705,1
9706,4
9707,3
9708,0
9709,0
9710,1
9711,2
9712,0
9713,3
9714,0
9715,2
9716,2
9717,1
9718,0
9719,3
9720,2
9721,3
9722,0
9723,1
9724,3
9725,2
9726,1
9727,1
9728,1
9729,4
9730,0
9731,0
9732,3
9733,4
9734,0
9735,1
9736,1
9737,0
9738,3
9739,1
9740,1
9741,2
9742,1
9743,3
9744,2
9745,4
9746,1
9747,4
9748,1
9749,1
9750,1
9751,3
9752,1
9753,0
9754,0
9755,4
9756,3
9757,4
9758,3
9759,0
9760,4
9761,3
9762,0
9763,4
9764,1
9765,1
9766,0
9767,1
9768,1
9769,3
9770,3
9771,3
9772,3
9773,3
9774,4
9775,2
9776,1
9777,1
9778,3
9779,3
9780,3
9781,2
9782,1
9783,4
9784,0
9785,2
9786,2
9787,0
9788,2
9789,0
9790,3
9791,1
9792,2
9793,1
9794,1
9795,1
9796,3
9797,1
9798,0
9799,1
9800,3
9801,2
9802,2
9803,2
9804,3
9805,2
9806,0
9807,1
9808,4
9809,3
9810,0
9811,1
9812,1
9813,4
9814,4
9815,4
9816,2
9817,4
9818,3
9819,4
9820,4
9821,2
9822,3
9823,3
9824,3
9825,0
9826,4
9827,4
9828,1
9829,4
9830,0
9831,3
9832,0
9833,0
9834,1
9835,3
9836,3
9837,4
9838,2
9839,3
9840,1
9841,2
9842,2
9843,1
9844,4
9845,4
9846,4
9847,3
9848,4
9849,3
9850,1
9851,0
9852,4
9853,3
9854,1
9855,0
9856,2
9857,4
9858,0
9859,4
9860,4
9861,0
9862,3
9863,3
9864,4
9865,4
9866,0
9867,0
9868,3
9869,2
9870,4
9871,1
9872,1
9873,1
9874,4
9875,1
9876,1
9877,2
9878,3
9879,2
9880,4
9881,0
9882,3
9883,3
9884,0
9885,3
9886,1
9887,4
9888,2
9889,2
9890,2
9891,4
9892,3
9893,4
9894,3
9895,3
9896,3
9897,3
9898,3
9899,0
9900,0
9901,2
9902,1
9903,2
9904,0
9905,1
9906,1
9907,3
9908,0
9909,2
9910,4
9911,1
9912,4
9913,2
9914,3
9915,0
9916,4
9917,1
9918,4
9919,1
9920,4
9921,3
9922,4
9923,1
9924,4
9925,0
9926,4
9927,1
9928,0
9929,2
9930,0
9931,0
9932,2
9933,3
9934,1
9935,3
9936,1
9937,3
9938,3
9939,4
9940,3
9941,1
9942,3
9943,1
9944,3
9945,2
9946,3
9947,1
9948,3
9949,1
9950,0
9951,1
9952,0
9953,0
9954,0
9955,3
9956,0
9957,3
9958,1
9959,1
9960,0
9961,3
9962,1
9963,4
9964,2
9965,1
9966,2
9967,3
9968,3
9969,1
9970,1
9971,2
9972,0
9973,2
9974,3
9975,0
9976,1
9977,1
9978,0
9979,3
9980,3
9981,2
9982,0
9983,0
9984,0
9985,3
9986,0
9987,1
9988,3
9989,1
9990,3
9991,0
9992,1
9993,1
9994,3
9995,1
9996,1
9997,1
9998,1
9999,4
10000,3
10001,1
10002,4
10003,0
10004,3
10005,2
10006,2
10007,0
10008,3
10009,2
10010,3
10011,3
10012,1
10013,2
10014,3
10015,2
10016,1
10017,1
10018,1
10019,3
10020,1
10021,3
10022,4
10023,3
10024,3
10025,4
10026,3
10027,2
10028,1
10029,2
10030,2
10031,4
10032,2
10033,0
10034,4
10035,3
10036,4
10037,3
10038,2
10039,4
10040,3
10041,1
10042,4
10043,4
10044,0
10045,3
10046,2
10047,2
10048,1
10049,3
10050,0
10051,2
10052,2
10053,1
10054,3
10055,0
10056,4
10057,2
10058,1
10059,4
10060,4
10061,1
10062,2
10063,2
10064,2
10065,4
10066,4
10067,3
10068,4
10069,4
10070,4
10071,3
10072,1
10073,0
10074,1
10075,4
10076,4
10077,4
10078,3
10079,4
10080,1
10081,1
10082,1
10083,1
10084,4
10085,1
10086,2
10087,4
10088,2
10089,1
10090,2
10091,2
10092,2
10093,3
10094,1
10095,2
10096,2
10097,3
10098,3
10099,1
10100,1
10101,1
10102,2
10103,4
10104,1
10105,4
10106,0
10107,1
10108,3
10109,3
10110,0
10111,3
10112,4
10113,1
10114,3
10115,2
10116,4
10117,1
10118,4
10119,2
10120,4
10121,1
10122,2
10123,4
10124,3
10125,2
10126,4
10127,1
10128,1
10129,1
10130,1
10131,0
10132,2
10133,1
10134,1
10135,1
10136,1
10137,4
10138,3
10139,3
10140,3
10141,4
10142,2
10143,1
10144,2
10145,4
10146,1
10147,3
10148,2
10149,3
10150,0
10151,1
10152,0
10153,1
10154,3
10155,3
10156,3
10157,3
10158,3
10159,1
10160,2
10161,3
10162,4
10163,1
10164,4
10165,3
10166,2
10167,0
10168,0
10169,0
10170,3
10171,2
10172,1
10173,1
10174,0
10175,1
10176,2
10177,2
10178,3
10179,1
10180,4
10181,0
10182,2
10183,1
10184,3
10185,1
10186,1
10187,2
10188,3
10189,0
10190,3
10191,2
10192,3
10193,3
10194,1
10195,0
10196,1
10197,0
10198,1
10199,3
10200,4
10201,3
10202,3
10203,4
10204,2
10205,3
10206,1
10207,0
10208,1
10209,3
10210,2
10211,1
10212,2
10213,2
10214,4
10215,0
10216,0
10217,2
10218,3
10219,4
10220,1
10221,2
10222,2
10223,3
10224,1
10225,1
10226,0
10227,3
10228,3
10229,4
10230,0
10231,1
10232,1
10233,1
10234,2
10235,0
10236,3
10237,1
10238,2
10239,4
10240,2
10241,4
10242,4
10243,4
10244,3
10245,1
10246,1
10247,0
10248,4
10249,3
10250,4
10251,3
10252,4
10253,3
10254,2
10255,2
10256,2
10257,0
10258,4
10259,3
10260,3
10261,4
10262,2
10263,1
10264,2
10265,1
10266,1
10267,4
10268,3
10269,3
10270,0
10271,4
10272,3
10273,4
10274,1
10275,2
10276,1
10277,1
10278,1
10279,2
10280,3
10281,1
10282,1
10283,1
10284,0
10285,3
10286,2
10287,1
10288,4
10289,1
10290,1
10291,4
10292,3
10293,1
10294,4
10295,0
10296,2
10297,4
10298,4
10299,0
10300,3
10301,3
10302,3
10303,1
10304,2
10305,0
10306,0
10307,2
10308,0
10309,2
10310,3
10311,3
10312,3
10313,0
10314,3
10315,0
10316,0
10317,2
10318,1
10319,2
10320,2
10321,1
10322,4
10323,2
10324,3
10325,0
10326,4
10327,4
10328,1
10329,2
10330,2
10331,3
10332,3
10333,2
10334,4
10335,3
10336,1
10337,4
10338,3
10339,1
10340,3
10341,3
10342,2
10343,3
10344,0
10345,3
10346,2
10347,3
10348,3
10349,1
10350,4
10351,0
10352,3
10353,0
10354,1
10355,1
10356,3
10357,0
10358,0
10359,2
10360,1
10361,4
10362,4
10363,2
10364,1
10365,3
10366,2
10367,2
10368,2
10369,2
10370,0
10371,0
10372,1
10373,1
10374,2
10375,4
10376,0
10377,0
10378,2
10379,1
10380,1
10381,3
10382,4
10383,4
10384,3
10385,2
10386,3
10387,1
10388,4
10389,4
10390,4
10391,1
10392,4
10393,2
10394,0
10395,1
10396,3
10397,1
10398,1
10399,3
10400,2
10401,4
10402,0
10403,4
10404,1
10405,2
10406,2
10407,1
10408,0
10409,0
10410,4
10411,1
10412,1
10413,1
10414,1
10415,1
10416,2
10417,1
10418,1
10419,2
10420,3
10421,4
10422,1
10423,4
10424,0
10425,1
10426,0
10427,1
10428,3
10429,4
10430,0
10431,3
10432,3
10433,4
10434,2
10435,0
10436,1
10437,4
10438,3
10439,3
10440,4
10441,2
10442,3
10443,2
10444,2
10445,4
10446,3
10447,3
10448,3
10449,3
10450,4
10451,3
10452,2
10453,3
10454,4
10455,1
10456,0
10457,2
10458,3
10459,3
10460,4
10461,2
10462,2
10463,3
10464,1
10465,1
10466,3
10467,4
10468,0
10469,3
10470,4
10471,3
10472,3
10473,3
10474,4
10475,3
10476,3
10477,4
10478,4
10479,1
10480,4
10481,0
10482,1
10483,3
10484,1
10485,4
10486,1
10487,3
10488,4
10489,1
10490,1
10491,4
10492,1
10493,4
10494,3
10495,2
10496,2
10497,3
10498,1
10499,4
10500,4
10501,4
10502,1
10503,4
10504,1
10505,1
10506,1
10507,2
10508,2
10509,3
10510,4
10511,2
10512,3
10513,3
10514,3
10515,0
10516,3
10517,0
10518,3
10519,1
10520,0
10521,4
10522,1
10523,3
10524,4
10525,3
10526,4
10527,1
10528,1
10529,3
10530,3
10531,1
10532,1
10533,0
10534,3
10535,0
10536,1
10537,1
10538,4
10539,1
10540,1
10541,2
10542,0
10543,4
10544,4
10545,3
10546,3
10547,0
10548,4
10549,4
10550,2
10551,0
10552,4
10553,4
10554,2
10555,3
10556,3
10557,3
